DELETE FROM REF_LABOR_COST;
DELETE FROM REF_INVOICES_POSITIONS;
DELETE FROM INVOICES;
DELETE FROM ACCOUNT;
DELETE FROM SERVICE_PROVIDER;
DELETE FROM CUSTOMERS;
DELETE FROM POSITIONS;
DELETE FROM LOGOS;
DELETE FROM CEO;
DELETE FROM BANK;
DELETE FROM ADDRESSES;
DELETE FROM USERS;
DELETE FROM REF_USER_PERMISSIONS;

INSERT INTO ADDRESSES (ID, STREET, NUMBER, CITY, COUNTRY, CREATION_DATE, ZIP)
VALUES (1, 'Kraushaargasse', '84', 'Coburg',
        'Deutschland', '17.06.2024', 22193);

INSERT INTO ADDRESSES (ID, STREET, NUMBER, CITY, COUNTRY, CREATION_DATE, ZIP)
VALUES (2, 'Weihmannweg', '6', 'Parsberg',
        'Deutschland', '19.11.2023', 18517);

INSERT INTO ADDRESSES (ID, STREET, NUMBER, CITY, COUNTRY, CREATION_DATE, ZIP)
VALUES (3, 'Adalbert-Schottin-Straße', '55', 'Haldensleben',
        'Deutschland', '01.02.2025', 98546);

INSERT INTO ADDRESSES (ID, STREET, NUMBER, CITY, COUNTRY, CREATION_DATE, ZIP)
VALUES (4, 'Wohlgemutallee', '51', 'Wittenberg',
        'Deutschland', '27.08.2023', 71526);

INSERT INTO ADDRESSES (ID, STREET, NUMBER, CITY, COUNTRY, CREATION_DATE, ZIP)
VALUES (5, 'Ferenc-Hauffer-Ring', '19', 'Sangerhausen',
        'Deutschland', '09.09.2024', 88897);

INSERT INTO ADDRESSES (ID, STREET, NUMBER, CITY, COUNTRY, CREATION_DATE, ZIP)
VALUES (6, 'Schleichweg', '57', 'Ebern',
        'Deutschland', '18.05.2024', 59329);

INSERT INTO ADDRESSES (ID, STREET, NUMBER, CITY, COUNTRY, CREATION_DATE, ZIP)
VALUES (7, 'Putzallee', '28', 'Sulzbach-Rosenberg',
        'Deutschland', '26.08.2024', 65525);

INSERT INTO ADDRESSES (ID, STREET, NUMBER, CITY, COUNTRY, CREATION_DATE, ZIP)
VALUES (8, 'Laszlo-Heinz-Platz', '19', 'Hammelburg',
        'Deutschland', '30.11.2024', 25197);

INSERT INTO ADDRESSES (ID, STREET, NUMBER, CITY, COUNTRY, CREATION_DATE, ZIP)
VALUES (9, 'Juliana-Reinhardt-Gasse', '22', 'Osterburg',
        'Deutschland', '19.09.2023', 24722);

INSERT INTO ADDRESSES (ID, STREET, NUMBER, CITY, COUNTRY, CREATION_DATE, ZIP)
VALUES (10, 'Neuschäferplatz', '21', 'Ansbach',
        'Deutschland', '18.09.2023', 76712);

INSERT INTO ADDRESSES (ID, STREET, NUMBER, CITY, COUNTRY, CREATION_DATE, ZIP)
VALUES (11, 'Zorbachgasse', '50', 'Eisenach',
        'Deutschland', '17.07.2024', 37469);

INSERT INTO ADDRESSES (ID, STREET, NUMBER, CITY, COUNTRY, CREATION_DATE, ZIP)
VALUES (12, 'Dörschnerring', '1', 'Apolda',
        'Deutschland', '12.04.2025', 64672);

INSERT INTO ADDRESSES (ID, STREET, NUMBER, CITY, COUNTRY, CREATION_DATE, ZIP)
VALUES (13, 'Tröstweg', '45', 'Delitzsch',
        'Deutschland', '06.10.2023', 61733);

INSERT INTO ADDRESSES (ID, STREET, NUMBER, CITY, COUNTRY, CREATION_DATE, ZIP)
VALUES (14, 'Klaus-Günter-Dussen van-Allee', '55', 'Sömmerda',
        'Deutschland', '28.08.2024', 95940);

INSERT INTO ADDRESSES (ID, STREET, NUMBER, CITY, COUNTRY, CREATION_DATE, ZIP)
VALUES (15, 'Textorstr.', '82', 'Waldmünchen',
        'Deutschland', '19.03.2024', 47159);

INSERT INTO ADDRESSES (ID, STREET, NUMBER, CITY, COUNTRY, CREATION_DATE, ZIP)
VALUES (16, 'Pruschkestraße', '8', 'Erfurt',
        'Deutschland', '04.05.2025', 58444);

INSERT INTO ADDRESSES (ID, STREET, NUMBER, CITY, COUNTRY, CREATION_DATE, ZIP)
VALUES (17, 'Elfriede-Jäntsch-Platz', '47', 'Sankt Goarshausen',
        'Deutschland', '06.08.2024', 90538);

INSERT INTO ADDRESSES (ID, STREET, NUMBER, CITY, COUNTRY, CREATION_DATE, ZIP)
VALUES (18, 'Hartmannallee', '10', 'Badibling',
        'Deutschland', '16.02.2025', 12035);

INSERT INTO ADDRESSES (ID, STREET, NUMBER, CITY, COUNTRY, CREATION_DATE, ZIP)
VALUES (19, 'Christophgasse', '52', 'Wetzlar',
        'Deutschland', '22.04.2024', 85701);

INSERT INTO ADDRESSES (ID, STREET, NUMBER, CITY, COUNTRY, CREATION_DATE, ZIP)
VALUES (20, 'Grein Grothplatz', '18', 'Lüneburg',
        'Deutschland', '18.12.2023', 75909);

INSERT INTO ADDRESSES (ID, STREET, NUMBER, CITY, COUNTRY, CREATION_DATE, ZIP)
VALUES (21, 'Schleichgasse', '90', 'Soltau',
        'Deutschland', '08.12.2023', 47381);

INSERT INTO ADDRESSES (ID, STREET, NUMBER, CITY, COUNTRY, CREATION_DATE, ZIP)
VALUES (22, 'Ullmannring', '65', 'Nabburg',
        'Deutschland', '13.01.2024', 12677);

INSERT INTO ADDRESSES (ID, STREET, NUMBER, CITY, COUNTRY, CREATION_DATE, ZIP)
VALUES (23, 'Wellerweg', '44', 'Brilon',
        'Deutschland', '14.05.2024', 35270);

INSERT INTO ADDRESSES (ID, STREET, NUMBER, CITY, COUNTRY, CREATION_DATE, ZIP)
VALUES (24, 'Girschnerring', '60', 'Peine',
        'Deutschland', '09.11.2023', 15191);

INSERT INTO ADDRESSES (ID, STREET, NUMBER, CITY, COUNTRY, CREATION_DATE, ZIP)
VALUES (25, 'Dorota-Schmiedecke-Platz', '24', 'Hannover',
        'Deutschland', '17.11.2023', 97818);

INSERT INTO ADDRESSES (ID, STREET, NUMBER, CITY, COUNTRY, CREATION_DATE, ZIP)
VALUES (26, 'Henkring', '85', 'Wesel',
        'Deutschland', '21.04.2025', 79283);

INSERT INTO ADDRESSES (ID, STREET, NUMBER, CITY, COUNTRY, CREATION_DATE, ZIP)
VALUES (27, 'Steinbergring', '11', 'Wolfach',
        'Deutschland', '26.07.2023', 74219);

INSERT INTO ADDRESSES (ID, STREET, NUMBER, CITY, COUNTRY, CREATION_DATE, ZIP)
VALUES (28, 'Matthäus-Striebitz-Ring', '42', 'Jena',
        'Deutschland', '10.04.2025', 86760);

INSERT INTO ADDRESSES (ID, STREET, NUMBER, CITY, COUNTRY, CREATION_DATE, ZIP)
VALUES (29, 'Louise-Bruder-Gasse', '93', 'Griesbach Rottal',
        'Deutschland', '02.09.2023', 26826);

INSERT INTO ADDRESSES (ID, STREET, NUMBER, CITY, COUNTRY, CREATION_DATE, ZIP)
VALUES (30, 'Gunther-Seidel-Gasse', '44', 'Bruchsal',
        'Deutschland', '26.07.2023', 24362);

INSERT INTO ADDRESSES (ID, STREET, NUMBER, CITY, COUNTRY, CREATION_DATE, ZIP)
VALUES (31, 'Mesut-Koch II-Gasse', '32', 'Merseburg',
        'Deutschland', '27.03.2025', 38138);

INSERT INTO ADDRESSES (ID, STREET, NUMBER, CITY, COUNTRY, CREATION_DATE, ZIP)
VALUES (32, 'Heinz-Günter-Seip-Ring', '85', 'Kehl',
        'Deutschland', '03.05.2024', 41759);

INSERT INTO ADDRESSES (ID, STREET, NUMBER, CITY, COUNTRY, CREATION_DATE, ZIP)
VALUES (33, 'Döhnstr.', '59', 'Günzburg',
        'Deutschland', '16.11.2023', 34637);

INSERT INTO ADDRESSES (ID, STREET, NUMBER, CITY, COUNTRY, CREATION_DATE, ZIP)
VALUES (34, 'Röhrdanzplatz', '97', 'Lichtenfels',
        'Deutschland', '18.05.2024', 17298);

INSERT INTO ADDRESSES (ID, STREET, NUMBER, CITY, COUNTRY, CREATION_DATE, ZIP)
VALUES (35, 'Hartunggasse', '19', 'Herzberg',
        'Deutschland', '12.08.2024', 81192);

INSERT INTO ADDRESSES (ID, STREET, NUMBER, CITY, COUNTRY, CREATION_DATE, ZIP)
VALUES (36, 'Traute-Ernst-Ring', '15', 'Genthin',
        'Deutschland', '19.07.2024', 75993);

INSERT INTO ADDRESSES (ID, STREET, NUMBER, CITY, COUNTRY, CREATION_DATE, ZIP)
VALUES (37, 'Ivan-Textor-Straße', '96', 'Borken',
        'Deutschland', '17.08.2023', 74197);

INSERT INTO ADDRESSES (ID, STREET, NUMBER, CITY, COUNTRY, CREATION_DATE, ZIP)
VALUES (38, 'Gabriele-Koch II-Ring', '16', 'Hünfeld',
        'Deutschland', '13.09.2023', 46548);

INSERT INTO ADDRESSES (ID, STREET, NUMBER, CITY, COUNTRY, CREATION_DATE, ZIP)
VALUES (39, 'Pierre-Pechel-Ring', '60', 'Malchin',
        'Deutschland', '04.10.2023', 64002);

INSERT INTO ADDRESSES (ID, STREET, NUMBER, CITY, COUNTRY, CREATION_DATE, ZIP)
VALUES (40, 'Ferdinand-Hecker-Ring', '37', 'Bad Mergentheim',
        'Deutschland', '11.02.2025', 87249);

INSERT INTO BANK (BIC, BANK_NAME)
VALUES ('ABSBDEOI', 'Roskoth e.G. Bank');

INSERT INTO BANK (BIC, BANK_NAME)
VALUES ('XIFQDEV6', 'Metz Bank');

INSERT INTO BANK (BIC, BANK_NAME)
VALUES ('AYLKDEMF', 'Metz GmbH Bank');

INSERT INTO BANK (BIC, BANK_NAME)
VALUES ('AFLBDESM', 'Ehlert Lübs GmbH Bank');

INSERT INTO BANK (BIC, BANK_NAME)
VALUES ('TPLGDE35', 'Schäfer Bank');

INSERT INTO BANK (BIC, BANK_NAME)
VALUES ('CWIYDE0J', 'Dietz OHG mbH Bank');

INSERT INTO BANK (BIC, BANK_NAME)
VALUES ('BJVEDE9T', 'Pärtzelt GmbH Bank');

INSERT INTO BANK (BIC, BANK_NAME)
VALUES ('FCTBDEI0', 'Schäfer AG Bank');

INSERT INTO BANK (BIC, BANK_NAME)
VALUES ('PCCPDEEG', 'Mende Heser AG Bank');

INSERT INTO BANK (BIC, BANK_NAME)
VALUES ('YQDRDESB', 'Huhn Bank');

INSERT INTO BANK (BIC, BANK_NAME)
VALUES ('XLXGDE5Q', 'Löchel Stiftung & Co. KGaA Bank');

INSERT INTO BANK (BIC, BANK_NAME)
VALUES ('UWWYDE7C', 'Killer Tintzmann GmbH & Co. KG Bank');

INSERT INTO BANK (BIC, BANK_NAME)
VALUES ('XETUDE9Y', 'Walter Bloch KG Bank');

INSERT INTO BANK (BIC, BANK_NAME)
VALUES ('OTEGDEOD', 'Gröttner Bank');

INSERT INTO BANK (BIC, BANK_NAME)
VALUES ('XLXZDEV5', 'Süßebier Schwital AG & Co. OHG Bank');

INSERT INTO BANK (BIC, BANK_NAME)
VALUES ('AUVFDE2G', 'Dörr Hauffer GmbH Bank');

INSERT INTO BANK (BIC, BANK_NAME)
VALUES ('BHPDDE4I', 'Stadelmann AG Bank');

INSERT INTO BANK (BIC, BANK_NAME)
VALUES ('XPJNDEKT', 'Aumann Bank');

INSERT INTO BANK (BIC, BANK_NAME)
VALUES ('NENSDE1R', 'Seidel Bank');

INSERT INTO BANK (BIC, BANK_NAME)
VALUES ('YWANDE25', 'Häring Möchlichen AG Bank');

INSERT INTO BANK (BIC, BANK_NAME)
VALUES ('QJZVDEG1', 'Beer Stiftung & Co. KGaA Bank');

INSERT INTO BANK (BIC, BANK_NAME)
VALUES ('JPRNDEC9', 'Hölzenbecher Bank');

INSERT INTO BANK (BIC, BANK_NAME)
VALUES ('ZQAFDEON', 'Löffler Kaul OHG mbH Bank');

INSERT INTO BANK (BIC, BANK_NAME)
VALUES ('YEWIDE8O', 'Pruschke Eigenwillig e.G. Bank');

INSERT INTO BANK (BIC, BANK_NAME)
VALUES ('UESODEKT', 'Karge Bank');

INSERT INTO BANK (BIC, BANK_NAME)
VALUES ('GCOBDEWI', 'Wulf Bank');

INSERT INTO BANK (BIC, BANK_NAME)
VALUES ('FPUGDEO3', 'Eigenwillig AG Bank');

INSERT INTO BANK (BIC, BANK_NAME)
VALUES ('TKRTDEGX', 'Heuser Stiffel GmbH Bank');

INSERT INTO BANK (BIC, BANK_NAME)
VALUES ('WCGFDETO', 'Rörricht Bank');

INSERT INTO BANK (BIC, BANK_NAME)
VALUES ('TRPIDE34', 'Bachmann Christoph e.G. Bank');

INSERT INTO BANK (BIC, BANK_NAME)
VALUES ('SKWCDECC', 'Hiller AG Bank');

INSERT INTO BANK (BIC, BANK_NAME)
VALUES ('RMMADE07', 'Gierschner Ring KG Bank');

INSERT INTO BANK (BIC, BANK_NAME)
VALUES ('LCZJDEWF', 'Schomber Bank');

INSERT INTO BANK (BIC, BANK_NAME)
VALUES ('UAFBDET8', 'Dörschner Holt GmbH & Co. KGaA Bank');

INSERT INTO BANK (BIC, BANK_NAME)
VALUES ('YHNMDEMJ', 'Heß Bank');

INSERT INTO BANK (BIC, BANK_NAME)
VALUES ('BJPGDEGO', 'Heinrich KG Bank');

INSERT INTO BANK (BIC, BANK_NAME)
VALUES ('OZHFDEV0', 'Gertz GmbH Bank');

INSERT INTO BANK (BIC, BANK_NAME)
VALUES ('BCKTDEA8', 'Gotthard Bank');

INSERT INTO BANK (BIC, BANK_NAME)
VALUES ('SANQDE4R', 'Scholz Bank');

INSERT INTO BANK (BIC, BANK_NAME)
VALUES ('ZAQADEVN', 'Trubin Junck GmbH & Co. KG Bank');

INSERT INTO CEO (ST_NR, CEO_NAME)
VALUES ('69136/17388', 'Friedrich-Karl Junck-Wilms');

INSERT INTO CEO (ST_NR, CEO_NAME)
VALUES ('01935/76921', 'Anto Kohl');

INSERT INTO CEO (ST_NR, CEO_NAME)
VALUES ('43579/27028', 'Prof. Luis Drewes');

INSERT INTO CEO (ST_NR, CEO_NAME)
VALUES ('27919/60425', 'Dr. Heinz-Otto Meister');

INSERT INTO CEO (ST_NR, CEO_NAME)
VALUES ('01301/88100', 'Ing. Marliese Ruppert B.Eng.');

INSERT INTO CEO (ST_NR, CEO_NAME)
VALUES ('95010/65712', 'Verena Bolzmann');

INSERT INTO CEO (ST_NR, CEO_NAME)
VALUES ('58380/51467', 'Erna Renner-Söding');

INSERT INTO CEO (ST_NR, CEO_NAME)
VALUES ('81981/96103', 'Hans-Werner Boucsein');

INSERT INTO CEO (ST_NR, CEO_NAME)
VALUES ('90640/83774', 'Herr Alex Zirme');

INSERT INTO CEO (ST_NR, CEO_NAME)
VALUES ('31648/89796', 'Lisette Sorgatz');

INSERT INTO CEO (ST_NR, CEO_NAME)
VALUES ('15646/01736', 'Frank-Michael Christoph-Mentzel');

INSERT INTO CEO (ST_NR, CEO_NAME)
VALUES ('14436/25549', 'Paul-Gerhard Höfig');

INSERT INTO CEO (ST_NR, CEO_NAME)
VALUES ('76413/03730', 'Gotthold Bärer-Wulff');

INSERT INTO CEO (ST_NR, CEO_NAME)
VALUES ('45014/79374', 'Dipl.-Ing. Birgitta Käster');

INSERT INTO CEO (ST_NR, CEO_NAME)
VALUES ('71964/31567', 'Lissi Austermühle');

INSERT INTO CEO (ST_NR, CEO_NAME)
VALUES ('66282/65909', 'Annett Heß');

INSERT INTO CEO (ST_NR, CEO_NAME)
VALUES ('25237/96665', 'Emine Wesack');

INSERT INTO CEO (ST_NR, CEO_NAME)
VALUES ('65241/72592', 'Hubertine Hoffmann B.Sc.');

INSERT INTO CEO (ST_NR, CEO_NAME)
VALUES ('32434/36613', 'Christa-Maria Höfig');

INSERT INTO CEO (ST_NR, CEO_NAME)
VALUES ('78914/39542', 'Dipl.-Ing. Olga Ernst');

INSERT INTO CEO (ST_NR, CEO_NAME)
VALUES ('37080/62997', 'Abbas Bolander');

INSERT INTO CEO (ST_NR, CEO_NAME)
VALUES ('69762/15703', 'Mariechen Rose B.Eng.');

INSERT INTO CEO (ST_NR, CEO_NAME)
VALUES ('33768/43746', 'Uwe Etzold B.A.');

INSERT INTO CEO (ST_NR, CEO_NAME)
VALUES ('58411/72391', 'Francesca Bruder B.Sc.');

INSERT INTO CEO (ST_NR, CEO_NAME)
VALUES ('88699/88486', 'Lissi Becker-Mentzel');

INSERT INTO CEO (ST_NR, CEO_NAME)
VALUES ('12811/79813', 'Hans-Willi Scheel B.Eng.');

INSERT INTO CEO (ST_NR, CEO_NAME)
VALUES ('42494/92511', 'Prof. Ilias Trapp');

INSERT INTO CEO (ST_NR, CEO_NAME)
VALUES ('49558/31950', 'Margitta Bachmann');

INSERT INTO CEO (ST_NR, CEO_NAME)
VALUES ('36418/87417', 'Daniele Gude');

INSERT INTO CEO (ST_NR, CEO_NAME)
VALUES ('72303/35807', 'Adriana Koch II');

INSERT INTO CEO (ST_NR, CEO_NAME)
VALUES ('44547/93163', 'Uwe Koch II');

INSERT INTO CEO (ST_NR, CEO_NAME)
VALUES ('82399/50568', 'Rico Heuser-Zobel');

INSERT INTO CEO (ST_NR, CEO_NAME)
VALUES ('71821/95084', 'Frau Eugenia Schottin MBA.');

INSERT INTO CEO (ST_NR, CEO_NAME)
VALUES ('58631/68816', 'Gert Gorlitz');

INSERT INTO CEO (ST_NR, CEO_NAME)
VALUES ('02971/47097', 'Hendrik Graf-Geißler');

INSERT INTO CEO (ST_NR, CEO_NAME)
VALUES ('38146/42433', 'Herr Vittorio Stumpf B.Eng.');

INSERT INTO CEO (ST_NR, CEO_NAME)
VALUES ('58118/24768', 'Alessandro Weinhage');

INSERT INTO CEO (ST_NR, CEO_NAME)
VALUES ('07759/17103', 'Hellmuth Ring');

INSERT INTO CEO (ST_NR, CEO_NAME)
VALUES ('09335/19191', 'Herr Luis Wähner B.A.');

INSERT INTO CEO (ST_NR, CEO_NAME)
VALUES ('10740/25028', 'Rene Berger-Kensy');

INSERT INTO LOGOS (ID, FILE_NAME, LOGO_BINARY, MIME_TYPE, CREATION_DATE)
VALUES (1, 'logo1.png', x'89504e470d0a1a0a0000000d4948445200000064000000640802000000ff800203000000e849444154789cedd0c10dc02010c0b083fd776e57202f84644f1065cd7cc3997d3be025660566056605660566056605660566056605660566056605660566056605660566056605660566056605660566056605660566056605660566056605660566056605660566056605660566056605660566056605660566056605660566056605660566056605660566056605660566056605660566056605660566056605660566056605660566056605660566056605660566056605660566056605660566056605660566056605660566056605660566056605660566056605660566056605660566053f886001c72c791d120000000049454e44ae426082', 'image/png', '30.08.2023');

INSERT INTO LOGOS (ID, FILE_NAME, LOGO_BINARY, MIME_TYPE, CREATION_DATE)
VALUES (2, 'logo2.png', x'89504e470d0a1a0a0000000d4948445200000064000000640802000000ff800203000000e649444154789cedd04109002000c040b57f67ade05e22dc25189b7b706bbd0ef889598159815981598159815981598159815981598159815981598159815981598159815981598159815981598159815981598159815981598159815981598159815981598159815981598159815981598159815981598159815981598159815981598159815981598159815981598159815981598159815981598159815981598159815981598159815981598159815981598159815981598159815981598159815981598159815981598159815981598159815981598159815981598159815981598159c1018a5e01c7f1841a7a0000000049454e44ae426082', 'image/png', '15.06.2024');

INSERT INTO LOGOS (ID, FILE_NAME, LOGO_BINARY, MIME_TYPE, CREATION_DATE)
VALUES (3, 'logo3.png', x'89504e470d0a1a0a0000000d4948445200000064000000640802000000ff800203000000e849444154789cedd0c10dc02010c0b083fd776e57202f84644f1065cd7cc3997d3be025660566056605660566056605660566056605660566056605660566056605660566056605660566056605660566056605660566056605660566056605660566056605660566056605660566056605660566056605660566056605660566056605660566056605660566056605660566056605660566056605660566056605660566056605660566056605660566056605660566056605660566056605660566056605660566056605660566056605660566056605660566056605660566056605660566053f886001c72c791d120000000049454e44ae426082', 'image/png', '10.02.2025');

INSERT INTO LOGOS (ID, FILE_NAME, LOGO_BINARY, MIME_TYPE, CREATION_DATE)
VALUES (4, 'logo4.png', x'89504e470d0a1a0a0000000d4948445200000064000000640802000000ff800203000000e649444154789cedd04109002000c040b57f67ade05e22dc25189b7b706bbd0ef889598159815981598159815981598159815981598159815981598159815981598159815981598159815981598159815981598159815981598159815981598159815981598159815981598159815981598159815981598159815981598159815981598159815981598159815981598159815981598159815981598159815981598159815981598159815981598159815981598159815981598159815981598159815981598159815981598159815981598159815981598159815981598159815981598159c1018a5e01c7f1841a7a0000000049454e44ae426082', 'image/png', '05.01.2025');

INSERT INTO LOGOS (ID, FILE_NAME, LOGO_BINARY, MIME_TYPE, CREATION_DATE)
VALUES (5, 'logo5.png', x'89504e470d0a1a0a0000000d4948445200000064000000640802000000ff800203000000e849444154789cedd0c10dc02010c0b083fd776e57202f84644f1065cd7cc3997d3be025660566056605660566056605660566056605660566056605660566056605660566056605660566056605660566056605660566056605660566056605660566056605660566056605660566056605660566056605660566056605660566056605660566056605660566056605660566056605660566056605660566056605660566056605660566056605660566056605660566056605660566056605660566056605660566056605660566056605660566056605660566056605660566056605660566053f886001c72c791d120000000049454e44ae426082', 'image/png', '04.05.2024');

INSERT INTO LOGOS (ID, FILE_NAME, LOGO_BINARY, MIME_TYPE, CREATION_DATE)
VALUES (6, 'logo6.png', x'89504e470d0a1a0a0000000d4948445200000064000000640802000000ff800203000000e649444154789cedd04109002000c040b57f67ade05e22dc25189b7b706bbd0ef889598159815981598159815981598159815981598159815981598159815981598159815981598159815981598159815981598159815981598159815981598159815981598159815981598159815981598159815981598159815981598159815981598159815981598159815981598159815981598159815981598159815981598159815981598159815981598159815981598159815981598159815981598159815981598159815981598159815981598159815981598159815981598159815981598159c1018a5e01c7f1841a7a0000000049454e44ae426082', 'image/png', '21.02.2025');

INSERT INTO LOGOS (ID, FILE_NAME, LOGO_BINARY, MIME_TYPE, CREATION_DATE)
VALUES (7, 'logo7.png', x'89504e470d0a1a0a0000000d4948445200000064000000640802000000ff800203000000e849444154789cedd0c10dc02010c0b083fd776e57202f84644f1065cd7cc3997d3be025660566056605660566056605660566056605660566056605660566056605660566056605660566056605660566056605660566056605660566056605660566056605660566056605660566056605660566056605660566056605660566056605660566056605660566056605660566056605660566056605660566056605660566056605660566056605660566056605660566056605660566056605660566056605660566056605660566056605660566056605660566056605660566056605660566053f886001c72c791d120000000049454e44ae426082', 'image/png', '13.06.2023');

INSERT INTO LOGOS (ID, FILE_NAME, LOGO_BINARY, MIME_TYPE, CREATION_DATE)
VALUES (8, 'logo8.png', x'89504e470d0a1a0a0000000d4948445200000064000000640802000000ff800203000000e649444154789cedd04109002000c040b57f67ade05e22dc25189b7b706bbd0ef889598159815981598159815981598159815981598159815981598159815981598159815981598159815981598159815981598159815981598159815981598159815981598159815981598159815981598159815981598159815981598159815981598159815981598159815981598159815981598159815981598159815981598159815981598159815981598159815981598159815981598159815981598159815981598159815981598159815981598159815981598159815981598159815981598159c1018a5e01c7f1841a7a0000000049454e44ae426082', 'image/png', '18.10.2024');

INSERT INTO LOGOS (ID, FILE_NAME, LOGO_BINARY, MIME_TYPE, CREATION_DATE)
VALUES (9, 'logo9.png', x'89504e470d0a1a0a0000000d4948445200000064000000640802000000ff800203000000e849444154789cedd0c10dc02010c0b083fd776e57202f84644f1065cd7cc3997d3be025660566056605660566056605660566056605660566056605660566056605660566056605660566056605660566056605660566056605660566056605660566056605660566056605660566056605660566056605660566056605660566056605660566056605660566056605660566056605660566056605660566056605660566056605660566056605660566056605660566056605660566056605660566056605660566056605660566056605660566056605660566056605660566056605660566053f886001c72c791d120000000049454e44ae426082', 'image/png', '28.09.2024');

INSERT INTO LOGOS (ID, FILE_NAME, LOGO_BINARY, MIME_TYPE, CREATION_DATE)
VALUES (10, 'logo10.png', x'89504e470d0a1a0a0000000d4948445200000064000000640802000000ff800203000000e649444154789cedd04109002000c040b57f67ade05e22dc25189b7b706bbd0ef889598159815981598159815981598159815981598159815981598159815981598159815981598159815981598159815981598159815981598159815981598159815981598159815981598159815981598159815981598159815981598159815981598159815981598159815981598159815981598159815981598159815981598159815981598159815981598159815981598159815981598159815981598159815981598159815981598159815981598159815981598159815981598159815981598159c1018a5e01c7f1841a7a0000000049454e44ae426082', 'image/png', '06.09.2023');

INSERT INTO LOGOS (ID, FILE_NAME, LOGO_BINARY, MIME_TYPE, CREATION_DATE)
VALUES (11, 'logo11.png', x'89504e470d0a1a0a0000000d4948445200000064000000640802000000ff800203000000e849444154789cedd0c10dc02010c0b083fd776e57202f84644f1065cd7cc3997d3be025660566056605660566056605660566056605660566056605660566056605660566056605660566056605660566056605660566056605660566056605660566056605660566056605660566056605660566056605660566056605660566056605660566056605660566056605660566056605660566056605660566056605660566056605660566056605660566056605660566056605660566056605660566056605660566056605660566056605660566056605660566056605660566056605660566053f886001c72c791d120000000049454e44ae426082', 'image/png', '25.02.2025');

INSERT INTO LOGOS (ID, FILE_NAME, LOGO_BINARY, MIME_TYPE, CREATION_DATE)
VALUES (12, 'logo12.png', x'89504e470d0a1a0a0000000d4948445200000064000000640802000000ff800203000000e649444154789cedd04109002000c040b57f67ade05e22dc25189b7b706bbd0ef889598159815981598159815981598159815981598159815981598159815981598159815981598159815981598159815981598159815981598159815981598159815981598159815981598159815981598159815981598159815981598159815981598159815981598159815981598159815981598159815981598159815981598159815981598159815981598159815981598159815981598159815981598159815981598159815981598159815981598159815981598159815981598159815981598159c1018a5e01c7f1841a7a0000000049454e44ae426082', 'image/png', '01.07.2023');

INSERT INTO LOGOS (ID, FILE_NAME, LOGO_BINARY, MIME_TYPE, CREATION_DATE)
VALUES (13, 'logo13.png', x'89504e470d0a1a0a0000000d4948445200000064000000640802000000ff800203000000e849444154789cedd0c10dc02010c0b083fd776e57202f84644f1065cd7cc3997d3be025660566056605660566056605660566056605660566056605660566056605660566056605660566056605660566056605660566056605660566056605660566056605660566056605660566056605660566056605660566056605660566056605660566056605660566056605660566056605660566056605660566056605660566056605660566056605660566056605660566056605660566056605660566056605660566056605660566056605660566056605660566056605660566056605660566053f886001c72c791d120000000049454e44ae426082', 'image/png', '30.12.2024');

INSERT INTO LOGOS (ID, FILE_NAME, LOGO_BINARY, MIME_TYPE, CREATION_DATE)
VALUES (14, 'logo14.png', x'89504e470d0a1a0a0000000d4948445200000064000000640802000000ff800203000000e649444154789cedd04109002000c040b57f67ade05e22dc25189b7b706bbd0ef889598159815981598159815981598159815981598159815981598159815981598159815981598159815981598159815981598159815981598159815981598159815981598159815981598159815981598159815981598159815981598159815981598159815981598159815981598159815981598159815981598159815981598159815981598159815981598159815981598159815981598159815981598159815981598159815981598159815981598159815981598159815981598159815981598159c1018a5e01c7f1841a7a0000000049454e44ae426082', 'image/png', '12.08.2024');

INSERT INTO LOGOS (ID, FILE_NAME, LOGO_BINARY, MIME_TYPE, CREATION_DATE)
VALUES (15, 'logo15.png', x'89504e470d0a1a0a0000000d4948445200000064000000640802000000ff800203000000e849444154789cedd0c10dc02010c0b083fd776e57202f84644f1065cd7cc3997d3be025660566056605660566056605660566056605660566056605660566056605660566056605660566056605660566056605660566056605660566056605660566056605660566056605660566056605660566056605660566056605660566056605660566056605660566056605660566056605660566056605660566056605660566056605660566056605660566056605660566056605660566056605660566056605660566056605660566056605660566056605660566056605660566056605660566053f886001c72c791d120000000049454e44ae426082', 'image/png', '03.12.2024');

INSERT INTO LOGOS (ID, FILE_NAME, LOGO_BINARY, MIME_TYPE, CREATION_DATE)
VALUES (16, 'logo16.png', x'89504e470d0a1a0a0000000d4948445200000064000000640802000000ff800203000000e649444154789cedd04109002000c040b57f67ade05e22dc25189b7b706bbd0ef889598159815981598159815981598159815981598159815981598159815981598159815981598159815981598159815981598159815981598159815981598159815981598159815981598159815981598159815981598159815981598159815981598159815981598159815981598159815981598159815981598159815981598159815981598159815981598159815981598159815981598159815981598159815981598159815981598159815981598159815981598159815981598159815981598159c1018a5e01c7f1841a7a0000000049454e44ae426082', 'image/png', '03.01.2024');

INSERT INTO LOGOS (ID, FILE_NAME, LOGO_BINARY, MIME_TYPE, CREATION_DATE)
VALUES (17, 'logo17.png', x'89504e470d0a1a0a0000000d4948445200000064000000640802000000ff800203000000e849444154789cedd0c10dc02010c0b083fd776e57202f84644f1065cd7cc3997d3be025660566056605660566056605660566056605660566056605660566056605660566056605660566056605660566056605660566056605660566056605660566056605660566056605660566056605660566056605660566056605660566056605660566056605660566056605660566056605660566056605660566056605660566056605660566056605660566056605660566056605660566056605660566056605660566056605660566056605660566056605660566056605660566056605660566053f886001c72c791d120000000049454e44ae426082', 'image/png', '21.05.2024');

INSERT INTO LOGOS (ID, FILE_NAME, LOGO_BINARY, MIME_TYPE, CREATION_DATE)
VALUES (18, 'logo18.png', x'89504e470d0a1a0a0000000d4948445200000064000000640802000000ff800203000000e649444154789cedd04109002000c040b57f67ade05e22dc25189b7b706bbd0ef889598159815981598159815981598159815981598159815981598159815981598159815981598159815981598159815981598159815981598159815981598159815981598159815981598159815981598159815981598159815981598159815981598159815981598159815981598159815981598159815981598159815981598159815981598159815981598159815981598159815981598159815981598159815981598159815981598159815981598159815981598159815981598159815981598159c1018a5e01c7f1841a7a0000000049454e44ae426082', 'image/png', '08.03.2025');

INSERT INTO LOGOS (ID, FILE_NAME, LOGO_BINARY, MIME_TYPE, CREATION_DATE)
VALUES (19, 'logo19.png', x'89504e470d0a1a0a0000000d4948445200000064000000640802000000ff800203000000e849444154789cedd0c10dc02010c0b083fd776e57202f84644f1065cd7cc3997d3be025660566056605660566056605660566056605660566056605660566056605660566056605660566056605660566056605660566056605660566056605660566056605660566056605660566056605660566056605660566056605660566056605660566056605660566056605660566056605660566056605660566056605660566056605660566056605660566056605660566056605660566056605660566056605660566056605660566056605660566056605660566056605660566056605660566053f886001c72c791d120000000049454e44ae426082', 'image/png', '06.08.2024');

INSERT INTO LOGOS (ID, FILE_NAME, LOGO_BINARY, MIME_TYPE, CREATION_DATE)
VALUES (20, 'logo20.png', x'89504e470d0a1a0a0000000d4948445200000064000000640802000000ff800203000000e649444154789cedd04109002000c040b57f67ade05e22dc25189b7b706bbd0ef889598159815981598159815981598159815981598159815981598159815981598159815981598159815981598159815981598159815981598159815981598159815981598159815981598159815981598159815981598159815981598159815981598159815981598159815981598159815981598159815981598159815981598159815981598159815981598159815981598159815981598159815981598159815981598159815981598159815981598159815981598159815981598159815981598159c1018a5e01c7f1841a7a0000000049454e44ae426082', 'image/png', '21.10.2024');

INSERT INTO LOGOS (ID, FILE_NAME, LOGO_BINARY, MIME_TYPE, CREATION_DATE)
VALUES (21, 'logo21.png', x'89504e470d0a1a0a0000000d4948445200000064000000640802000000ff800203000000e849444154789cedd0c10dc02010c0b083fd776e57202f84644f1065cd7cc3997d3be025660566056605660566056605660566056605660566056605660566056605660566056605660566056605660566056605660566056605660566056605660566056605660566056605660566056605660566056605660566056605660566056605660566056605660566056605660566056605660566056605660566056605660566056605660566056605660566056605660566056605660566056605660566056605660566056605660566056605660566056605660566056605660566056605660566053f886001c72c791d120000000049454e44ae426082', 'image/png', '18.03.2025');

INSERT INTO LOGOS (ID, FILE_NAME, LOGO_BINARY, MIME_TYPE, CREATION_DATE)
VALUES (22, 'logo22.png', x'89504e470d0a1a0a0000000d4948445200000064000000640802000000ff800203000000e649444154789cedd04109002000c040b57f67ade05e22dc25189b7b706bbd0ef889598159815981598159815981598159815981598159815981598159815981598159815981598159815981598159815981598159815981598159815981598159815981598159815981598159815981598159815981598159815981598159815981598159815981598159815981598159815981598159815981598159815981598159815981598159815981598159815981598159815981598159815981598159815981598159815981598159815981598159815981598159815981598159815981598159c1018a5e01c7f1841a7a0000000049454e44ae426082', 'image/png', '25.08.2023');

INSERT INTO LOGOS (ID, FILE_NAME, LOGO_BINARY, MIME_TYPE, CREATION_DATE)
VALUES (23, 'logo23.png', x'89504e470d0a1a0a0000000d4948445200000064000000640802000000ff800203000000e849444154789cedd0c10dc02010c0b083fd776e57202f84644f1065cd7cc3997d3be025660566056605660566056605660566056605660566056605660566056605660566056605660566056605660566056605660566056605660566056605660566056605660566056605660566056605660566056605660566056605660566056605660566056605660566056605660566056605660566056605660566056605660566056605660566056605660566056605660566056605660566056605660566056605660566056605660566056605660566056605660566056605660566056605660566053f886001c72c791d120000000049454e44ae426082', 'image/png', '09.05.2025');

INSERT INTO LOGOS (ID, FILE_NAME, LOGO_BINARY, MIME_TYPE, CREATION_DATE)
VALUES (24, 'logo24.png', x'89504e470d0a1a0a0000000d4948445200000064000000640802000000ff800203000000e649444154789cedd04109002000c040b57f67ade05e22dc25189b7b706bbd0ef889598159815981598159815981598159815981598159815981598159815981598159815981598159815981598159815981598159815981598159815981598159815981598159815981598159815981598159815981598159815981598159815981598159815981598159815981598159815981598159815981598159815981598159815981598159815981598159815981598159815981598159815981598159815981598159815981598159815981598159815981598159815981598159815981598159c1018a5e01c7f1841a7a0000000049454e44ae426082', 'image/png', '22.11.2023');

INSERT INTO LOGOS (ID, FILE_NAME, LOGO_BINARY, MIME_TYPE, CREATION_DATE)
VALUES (25, 'logo25.png', x'89504e470d0a1a0a0000000d4948445200000064000000640802000000ff800203000000e849444154789cedd0c10dc02010c0b083fd776e57202f84644f1065cd7cc3997d3be025660566056605660566056605660566056605660566056605660566056605660566056605660566056605660566056605660566056605660566056605660566056605660566056605660566056605660566056605660566056605660566056605660566056605660566056605660566056605660566056605660566056605660566056605660566056605660566056605660566056605660566056605660566056605660566056605660566056605660566056605660566056605660566056605660566053f886001c72c791d120000000049454e44ae426082', 'image/png', '14.02.2025');

INSERT INTO LOGOS (ID, FILE_NAME, LOGO_BINARY, MIME_TYPE, CREATION_DATE)
VALUES (26, 'logo26.png', x'89504e470d0a1a0a0000000d4948445200000064000000640802000000ff800203000000e649444154789cedd04109002000c040b57f67ade05e22dc25189b7b706bbd0ef889598159815981598159815981598159815981598159815981598159815981598159815981598159815981598159815981598159815981598159815981598159815981598159815981598159815981598159815981598159815981598159815981598159815981598159815981598159815981598159815981598159815981598159815981598159815981598159815981598159815981598159815981598159815981598159815981598159815981598159815981598159815981598159815981598159c1018a5e01c7f1841a7a0000000049454e44ae426082', 'image/png', '23.01.2024');

INSERT INTO LOGOS (ID, FILE_NAME, LOGO_BINARY, MIME_TYPE, CREATION_DATE)
VALUES (27, 'logo27.png', x'89504e470d0a1a0a0000000d4948445200000064000000640802000000ff800203000000e849444154789cedd0c10dc02010c0b083fd776e57202f84644f1065cd7cc3997d3be025660566056605660566056605660566056605660566056605660566056605660566056605660566056605660566056605660566056605660566056605660566056605660566056605660566056605660566056605660566056605660566056605660566056605660566056605660566056605660566056605660566056605660566056605660566056605660566056605660566056605660566056605660566056605660566056605660566056605660566056605660566056605660566056605660566053f886001c72c791d120000000049454e44ae426082', 'image/png', '05.01.2024');

INSERT INTO LOGOS (ID, FILE_NAME, LOGO_BINARY, MIME_TYPE, CREATION_DATE)
VALUES (28, 'logo28.png', x'89504e470d0a1a0a0000000d4948445200000064000000640802000000ff800203000000e649444154789cedd04109002000c040b57f67ade05e22dc25189b7b706bbd0ef889598159815981598159815981598159815981598159815981598159815981598159815981598159815981598159815981598159815981598159815981598159815981598159815981598159815981598159815981598159815981598159815981598159815981598159815981598159815981598159815981598159815981598159815981598159815981598159815981598159815981598159815981598159815981598159815981598159815981598159815981598159815981598159815981598159c1018a5e01c7f1841a7a0000000049454e44ae426082', 'image/png', '09.03.2024');

INSERT INTO LOGOS (ID, FILE_NAME, LOGO_BINARY, MIME_TYPE, CREATION_DATE)
VALUES (29, 'logo29.png', x'89504e470d0a1a0a0000000d4948445200000064000000640802000000ff800203000000e849444154789cedd0c10dc02010c0b083fd776e57202f84644f1065cd7cc3997d3be025660566056605660566056605660566056605660566056605660566056605660566056605660566056605660566056605660566056605660566056605660566056605660566056605660566056605660566056605660566056605660566056605660566056605660566056605660566056605660566056605660566056605660566056605660566056605660566056605660566056605660566056605660566056605660566056605660566056605660566056605660566056605660566056605660566053f886001c72c791d120000000049454e44ae426082', 'image/png', '23.08.2023');

INSERT INTO LOGOS (ID, FILE_NAME, LOGO_BINARY, MIME_TYPE, CREATION_DATE)
VALUES (30, 'logo30.png', x'89504e470d0a1a0a0000000d4948445200000064000000640802000000ff800203000000e649444154789cedd04109002000c040b57f67ade05e22dc25189b7b706bbd0ef889598159815981598159815981598159815981598159815981598159815981598159815981598159815981598159815981598159815981598159815981598159815981598159815981598159815981598159815981598159815981598159815981598159815981598159815981598159815981598159815981598159815981598159815981598159815981598159815981598159815981598159815981598159815981598159815981598159815981598159815981598159815981598159815981598159c1018a5e01c7f1841a7a0000000049454e44ae426082', 'image/png', '31.01.2024');

INSERT INTO LOGOS (ID, FILE_NAME, LOGO_BINARY, MIME_TYPE, CREATION_DATE)
VALUES (31, 'logo31.png', x'89504e470d0a1a0a0000000d4948445200000064000000640802000000ff800203000000e849444154789cedd0c10dc02010c0b083fd776e57202f84644f1065cd7cc3997d3be025660566056605660566056605660566056605660566056605660566056605660566056605660566056605660566056605660566056605660566056605660566056605660566056605660566056605660566056605660566056605660566056605660566056605660566056605660566056605660566056605660566056605660566056605660566056605660566056605660566056605660566056605660566056605660566056605660566056605660566056605660566056605660566056605660566053f886001c72c791d120000000049454e44ae426082', 'image/png', '13.01.2024');

INSERT INTO LOGOS (ID, FILE_NAME, LOGO_BINARY, MIME_TYPE, CREATION_DATE)
VALUES (32, 'logo32.png', x'89504e470d0a1a0a0000000d4948445200000064000000640802000000ff800203000000e649444154789cedd04109002000c040b57f67ade05e22dc25189b7b706bbd0ef889598159815981598159815981598159815981598159815981598159815981598159815981598159815981598159815981598159815981598159815981598159815981598159815981598159815981598159815981598159815981598159815981598159815981598159815981598159815981598159815981598159815981598159815981598159815981598159815981598159815981598159815981598159815981598159815981598159815981598159815981598159815981598159815981598159c1018a5e01c7f1841a7a0000000049454e44ae426082', 'image/png', '29.07.2024');

INSERT INTO LOGOS (ID, FILE_NAME, LOGO_BINARY, MIME_TYPE, CREATION_DATE)
VALUES (33, 'logo33.png', x'89504e470d0a1a0a0000000d4948445200000064000000640802000000ff800203000000e849444154789cedd0c10dc02010c0b083fd776e57202f84644f1065cd7cc3997d3be025660566056605660566056605660566056605660566056605660566056605660566056605660566056605660566056605660566056605660566056605660566056605660566056605660566056605660566056605660566056605660566056605660566056605660566056605660566056605660566056605660566056605660566056605660566056605660566056605660566056605660566056605660566056605660566056605660566056605660566056605660566056605660566056605660566053f886001c72c791d120000000049454e44ae426082', 'image/png', '08.04.2024');

INSERT INTO LOGOS (ID, FILE_NAME, LOGO_BINARY, MIME_TYPE, CREATION_DATE)
VALUES (34, 'logo34.png', x'89504e470d0a1a0a0000000d4948445200000064000000640802000000ff800203000000e649444154789cedd04109002000c040b57f67ade05e22dc25189b7b706bbd0ef889598159815981598159815981598159815981598159815981598159815981598159815981598159815981598159815981598159815981598159815981598159815981598159815981598159815981598159815981598159815981598159815981598159815981598159815981598159815981598159815981598159815981598159815981598159815981598159815981598159815981598159815981598159815981598159815981598159815981598159815981598159815981598159815981598159c1018a5e01c7f1841a7a0000000049454e44ae426082', 'image/png', '15.12.2023');

INSERT INTO LOGOS (ID, FILE_NAME, LOGO_BINARY, MIME_TYPE, CREATION_DATE)
VALUES (35, 'logo35.png', x'89504e470d0a1a0a0000000d4948445200000064000000640802000000ff800203000000e849444154789cedd0c10dc02010c0b083fd776e57202f84644f1065cd7cc3997d3be025660566056605660566056605660566056605660566056605660566056605660566056605660566056605660566056605660566056605660566056605660566056605660566056605660566056605660566056605660566056605660566056605660566056605660566056605660566056605660566056605660566056605660566056605660566056605660566056605660566056605660566056605660566056605660566056605660566056605660566056605660566056605660566056605660566053f886001c72c791d120000000049454e44ae426082', 'image/png', '04.08.2024');

INSERT INTO LOGOS (ID, FILE_NAME, LOGO_BINARY, MIME_TYPE, CREATION_DATE)
VALUES (36, 'logo36.png', x'89504e470d0a1a0a0000000d4948445200000064000000640802000000ff800203000000e649444154789cedd04109002000c040b57f67ade05e22dc25189b7b706bbd0ef889598159815981598159815981598159815981598159815981598159815981598159815981598159815981598159815981598159815981598159815981598159815981598159815981598159815981598159815981598159815981598159815981598159815981598159815981598159815981598159815981598159815981598159815981598159815981598159815981598159815981598159815981598159815981598159815981598159815981598159815981598159815981598159815981598159c1018a5e01c7f1841a7a0000000049454e44ae426082', 'image/png', '29.06.2023');

INSERT INTO LOGOS (ID, FILE_NAME, LOGO_BINARY, MIME_TYPE, CREATION_DATE)
VALUES (37, 'logo37.png', x'89504e470d0a1a0a0000000d4948445200000064000000640802000000ff800203000000e849444154789cedd0c10dc02010c0b083fd776e57202f84644f1065cd7cc3997d3be025660566056605660566056605660566056605660566056605660566056605660566056605660566056605660566056605660566056605660566056605660566056605660566056605660566056605660566056605660566056605660566056605660566056605660566056605660566056605660566056605660566056605660566056605660566056605660566056605660566056605660566056605660566056605660566056605660566056605660566056605660566056605660566056605660566053f886001c72c791d120000000049454e44ae426082', 'image/png', '16.10.2023');

INSERT INTO LOGOS (ID, FILE_NAME, LOGO_BINARY, MIME_TYPE, CREATION_DATE)
VALUES (38, 'logo38.png', x'89504e470d0a1a0a0000000d4948445200000064000000640802000000ff800203000000e649444154789cedd04109002000c040b57f67ade05e22dc25189b7b706bbd0ef889598159815981598159815981598159815981598159815981598159815981598159815981598159815981598159815981598159815981598159815981598159815981598159815981598159815981598159815981598159815981598159815981598159815981598159815981598159815981598159815981598159815981598159815981598159815981598159815981598159815981598159815981598159815981598159815981598159815981598159815981598159815981598159815981598159c1018a5e01c7f1841a7a0000000049454e44ae426082', 'image/png', '15.08.2023');

INSERT INTO LOGOS (ID, FILE_NAME, LOGO_BINARY, MIME_TYPE, CREATION_DATE)
VALUES (39, 'logo39.png', x'89504e470d0a1a0a0000000d4948445200000064000000640802000000ff800203000000e849444154789cedd0c10dc02010c0b083fd776e57202f84644f1065cd7cc3997d3be025660566056605660566056605660566056605660566056605660566056605660566056605660566056605660566056605660566056605660566056605660566056605660566056605660566056605660566056605660566056605660566056605660566056605660566056605660566056605660566056605660566056605660566056605660566056605660566056605660566056605660566056605660566056605660566056605660566056605660566056605660566056605660566056605660566053f886001c72c791d120000000049454e44ae426082', 'image/png', '09.07.2023');

INSERT INTO LOGOS (ID, FILE_NAME, LOGO_BINARY, MIME_TYPE, CREATION_DATE)
VALUES (40, 'logo40.png', x'89504e470d0a1a0a0000000d4948445200000064000000640802000000ff800203000000e649444154789cedd04109002000c040b57f67ade05e22dc25189b7b706bbd0ef889598159815981598159815981598159815981598159815981598159815981598159815981598159815981598159815981598159815981598159815981598159815981598159815981598159815981598159815981598159815981598159815981598159815981598159815981598159815981598159815981598159815981598159815981598159815981598159815981598159815981598159815981598159815981598159815981598159815981598159815981598159815981598159815981598159c1018a5e01c7f1841a7a0000000049454e44ae426082', 'image/png', '22.07.2023');

INSERT INTO POSITIONS (POS_ID, CREATION_DATE, DESCRIPTION, UNIT_PRICE, NAME, AREA)
VALUES (1, '09.05.2024', 'Velit vel architecto atque porro.', 249.99, 'Praesentium Laboriosam', 20.8);

INSERT INTO POSITIONS (POS_ID, CREATION_DATE, DESCRIPTION, UNIT_PRICE, NAME, AREA)
VALUES (2, '12.04.2024', 'Quia doloremque expedita esse debitis aperiam ullam.', 370.63, 'Ratione Quisquam', 48.5);

INSERT INTO POSITIONS (POS_ID, CREATION_DATE, DESCRIPTION, UNIT_PRICE, NAME, AREA)
VALUES (3, '06.01.2025', 'Nesciunt reprehenderit labore eius.', 97.51, 'Architecto Quam', 30.1);

INSERT INTO POSITIONS (POS_ID, CREATION_DATE, DESCRIPTION, UNIT_PRICE, NAME, AREA)
VALUES (4, '17.05.2024', 'Repellat eaque officiis quos eveniet officiis.', 186.0, 'Distinctio Eius', 45.5);

INSERT INTO POSITIONS (POS_ID, CREATION_DATE, DESCRIPTION, UNIT_PRICE, NAME, AREA)
VALUES (5, '23.02.2025', 'Necessitatibus numquam nihil vel nemo ut nesciunt.', 346.84, 'Incidunt Architecto', 16.3);

INSERT INTO POSITIONS (POS_ID, CREATION_DATE, DESCRIPTION, UNIT_PRICE, NAME, AREA)
VALUES (6, '06.09.2023', 'Sint numquam tempore fugit.', 93.56, 'Amet Consequatur', 16.6);

INSERT INTO POSITIONS (POS_ID, CREATION_DATE, DESCRIPTION, UNIT_PRICE, NAME, AREA)
VALUES (7, '03.09.2023', 'Nihil et id cupiditate delectus excepturi quis.', 37.58, 'Commodi Quis', 37.2);

INSERT INTO POSITIONS (POS_ID, CREATION_DATE, DESCRIPTION, UNIT_PRICE, NAME, AREA)
VALUES (8, '08.12.2024', 'Eum incidunt culpa a libero corrupti.', 323.33, 'A Optio', 22.8);

INSERT INTO POSITIONS (POS_ID, CREATION_DATE, DESCRIPTION, UNIT_PRICE, NAME, AREA)
VALUES (9, '05.10.2024', 'Architecto sequi quod doloribus voluptatem nisi recusandae.', 328.34, 'Reprehenderit Quas', 5.9);

INSERT INTO POSITIONS (POS_ID, CREATION_DATE, DESCRIPTION, UNIT_PRICE, NAME, AREA)
VALUES (10, '18.07.2024', 'Temporibus eligendi esse quam accusamus quam sunt nisi.', 239.99, 'Dolorem Possimus', 15.7);

INSERT INTO POSITIONS (POS_ID, CREATION_DATE, DESCRIPTION, UNIT_PRICE, NAME, AREA)
VALUES (11, '09.10.2024', 'Facere sapiente accusamus quae culpa laboriosam provident maiores.', 442.2, 'Officia Alias', 7.3);

INSERT INTO POSITIONS (POS_ID, CREATION_DATE, DESCRIPTION, UNIT_PRICE, NAME, AREA)
VALUES (12, '04.12.2023', 'Quos omnis iste accusamus sequi aliquid.', 424.39, 'Animi Dolor', 6.1);

INSERT INTO POSITIONS (POS_ID, CREATION_DATE, DESCRIPTION, UNIT_PRICE, NAME, AREA)
VALUES (13, '29.08.2023', 'Architecto laborum fuga commodi eius quam quidem eum.', 10.38, 'Rem Doloremque', 26.0);

INSERT INTO POSITIONS (POS_ID, CREATION_DATE, DESCRIPTION, UNIT_PRICE, NAME, AREA)
VALUES (14, '01.10.2023', 'Totam natus recusandae.', 148.61, 'Deserunt Totam', 47.6);

INSERT INTO POSITIONS (POS_ID, CREATION_DATE, DESCRIPTION, UNIT_PRICE, NAME, AREA)
VALUES (15, '04.01.2025', 'Accusantium aperiam consectetur cupiditate.', 84.58, 'Nihil Pariatur', 36.8);

INSERT INTO POSITIONS (POS_ID, CREATION_DATE, DESCRIPTION, UNIT_PRICE, NAME, AREA)
VALUES (16, '05.12.2023', 'Autem itaque maxime harum perspiciatis architecto.', 47.12, 'Dolorem Reiciendis', 35.5);

INSERT INTO POSITIONS (POS_ID, CREATION_DATE, DESCRIPTION, UNIT_PRICE, NAME, AREA)
VALUES (17, '06.10.2023', 'Iure debitis inventore mollitia quaerat odio illum nisi.', 89.59, 'Ut Nemo', 12.4);

INSERT INTO POSITIONS (POS_ID, CREATION_DATE, DESCRIPTION, UNIT_PRICE, NAME, AREA)
VALUES (18, '14.12.2023', 'Nisi voluptate cum suscipit aliquid debitis saepe.', 434.69, 'Architecto Iure', 34.3);

INSERT INTO POSITIONS (POS_ID, CREATION_DATE, DESCRIPTION, UNIT_PRICE, NAME, AREA)
VALUES (19, '12.10.2024', 'Voluptatum neque modi tempore.', 151.8, 'Reprehenderit Iure', 30.9);

INSERT INTO POSITIONS (POS_ID, CREATION_DATE, DESCRIPTION, UNIT_PRICE, NAME, AREA)
VALUES (20, '20.12.2023', 'A dicta impedit minus enim nobis.', 452.21, 'Doloribus Nihil', 23.0);

INSERT INTO POSITIONS (POS_ID, CREATION_DATE, DESCRIPTION, UNIT_PRICE, NAME, AREA)
VALUES (21, '10.08.2024', 'Veritatis explicabo odit non cupiditate aperiam earum.', 117.39, 'Veritatis Vero', 39.6);

INSERT INTO POSITIONS (POS_ID, CREATION_DATE, DESCRIPTION, UNIT_PRICE, NAME, AREA)
VALUES (22, '27.03.2025', 'Earum ipsa optio corporis possimus pariatur.', 311.81, 'Iure At', 38.5);

INSERT INTO POSITIONS (POS_ID, CREATION_DATE, DESCRIPTION, UNIT_PRICE, NAME, AREA)
VALUES (23, '15.03.2024', 'At praesentium alias minus sunt veniam.', 217.25, 'Maxime Molestias', 8.0);

INSERT INTO POSITIONS (POS_ID, CREATION_DATE, DESCRIPTION, UNIT_PRICE, NAME, AREA)
VALUES (24, '07.12.2023', 'Nam adipisci repudiandae quis dignissimos corporis labore.', 424.77, 'Recusandae Aspernatur', 11.2);

INSERT INTO POSITIONS (POS_ID, CREATION_DATE, DESCRIPTION, UNIT_PRICE, NAME, AREA)
VALUES (25, '09.05.2025', 'Officia architecto sunt occaecati mollitia.', 10.13, 'Quae Nesciunt', 45.4);

INSERT INTO POSITIONS (POS_ID, CREATION_DATE, DESCRIPTION, UNIT_PRICE, NAME, AREA)
VALUES (26, '28.12.2023', 'Ab optio eos necessitatibus maiores.', 324.55, 'Porro Vitae', 45.2);

INSERT INTO POSITIONS (POS_ID, CREATION_DATE, DESCRIPTION, UNIT_PRICE, NAME, AREA)
VALUES (27, '16.04.2025', 'Id ex praesentium odio voluptate ex nulla laborum.', 234.21, 'Soluta Expedita', 19.5);

INSERT INTO POSITIONS (POS_ID, CREATION_DATE, DESCRIPTION, UNIT_PRICE, NAME, AREA)
VALUES (28, '10.09.2024', 'Minus ut voluptatem aut sit veniam est.', 315.06, 'Blanditiis Dolor', 19.0);

INSERT INTO POSITIONS (POS_ID, CREATION_DATE, DESCRIPTION, UNIT_PRICE, NAME, AREA)
VALUES (29, '05.08.2024', 'Rerum ullam numquam.', 16.41, 'Temporibus Totam', 48.1);

INSERT INTO POSITIONS (POS_ID, CREATION_DATE, DESCRIPTION, UNIT_PRICE, NAME, AREA)
VALUES (30, '03.09.2023', 'Asperiores veritatis quisquam minus quas earum ut.', 426.14, 'Possimus Est', 22.1);

INSERT INTO POSITIONS (POS_ID, CREATION_DATE, DESCRIPTION, UNIT_PRICE, NAME, AREA)
VALUES (31, '26.12.2024', 'Omnis itaque maiores a totam inventore.', 119.2, 'Mollitia Dolore', 24.1);

INSERT INTO POSITIONS (POS_ID, CREATION_DATE, DESCRIPTION, UNIT_PRICE, NAME, AREA)
VALUES (32, '03.02.2025', 'Laudantium eaque saepe ipsam.', 189.29, 'Optio Quo', 35.2);

INSERT INTO POSITIONS (POS_ID, CREATION_DATE, DESCRIPTION, UNIT_PRICE, NAME, AREA)
VALUES (33, '08.12.2024', 'Vero recusandae velit quos commodi libero ducimus.', 286.34, 'Aperiam Itaque', 44.0);

INSERT INTO POSITIONS (POS_ID, CREATION_DATE, DESCRIPTION, UNIT_PRICE, NAME, AREA)
VALUES (34, '31.05.2024', 'Temporibus distinctio aspernatur ut provident.', 488.63, 'Eius Cumque', 36.8);

INSERT INTO POSITIONS (POS_ID, CREATION_DATE, DESCRIPTION, UNIT_PRICE, NAME, AREA)
VALUES (35, '28.03.2024', 'Delectus necessitatibus alias soluta quibusdam.', 485.04, 'Alias Sint', 20.4);

INSERT INTO POSITIONS (POS_ID, CREATION_DATE, DESCRIPTION, UNIT_PRICE, NAME, AREA)
VALUES (36, '22.05.2025', 'Quaerat quo soluta vel itaque eligendi reprehenderit.', 23.56, 'Pariatur Optio', 45.6);

INSERT INTO POSITIONS (POS_ID, CREATION_DATE, DESCRIPTION, UNIT_PRICE, NAME, AREA)
VALUES (37, '04.01.2024', 'Beatae libero aliquid hic fuga molestiae.', 378.0, 'Quae Nostrum', 32.1);

INSERT INTO POSITIONS (POS_ID, CREATION_DATE, DESCRIPTION, UNIT_PRICE, NAME, AREA)
VALUES (38, '17.08.2023', 'Veniam sint non excepturi at quo enim saepe.', 166.19, 'Porro Illum', 6.6);

INSERT INTO POSITIONS (POS_ID, CREATION_DATE, DESCRIPTION, UNIT_PRICE, NAME, AREA)
VALUES (39, '07.05.2025', 'Corporis sapiente ipsa in explicabo possimus quia libero.', 384.47, 'Veritatis Quibusdam', 11.0);

INSERT INTO POSITIONS (POS_ID, CREATION_DATE, DESCRIPTION, UNIT_PRICE, NAME, AREA)
VALUES (40, '18.06.2024', 'Necessitatibus consequatur exercitationem accusamus.', 343.48, 'Minima Maxime', 5.4);

INSERT INTO CUSTOMERS (CUSTID, FIRST_NAME, LAST_NAME, CREATION_DATE, FK_ADDRESS_ID, GENDER)
VALUES ('83357', 'Lene', 'Albers', '12.12.2024', 2, 'm');

INSERT INTO CUSTOMERS (CUSTID, FIRST_NAME, LAST_NAME, CREATION_DATE, FK_ADDRESS_ID, GENDER)
VALUES ('82262', 'Otmar', 'Holzapfel', '07.08.2023', 8, 'w');

INSERT INTO CUSTOMERS (CUSTID, FIRST_NAME, LAST_NAME, CREATION_DATE, FK_ADDRESS_ID, GENDER)
VALUES ('62182', 'Wendelin', 'Rogner', '05.07.2023', 10, 'w');

INSERT INTO CUSTOMERS (CUSTID, FIRST_NAME, LAST_NAME, CREATION_DATE, FK_ADDRESS_ID, GENDER)
VALUES ('30152', 'Erhard', 'Hahn', '11.08.2023', 2, 'm');

INSERT INTO CUSTOMERS (CUSTID, FIRST_NAME, LAST_NAME, CREATION_DATE, FK_ADDRESS_ID, GENDER)
VALUES ('95621', 'Isidor', 'Trüb', '13.09.2024', 17, 'm');

INSERT INTO CUSTOMERS (CUSTID, FIRST_NAME, LAST_NAME, CREATION_DATE, FK_ADDRESS_ID, GENDER)
VALUES ('84603', 'Louis', 'Kuhl', '02.10.2023', 11, 'm');

INSERT INTO CUSTOMERS (CUSTID, FIRST_NAME, LAST_NAME, CREATION_DATE, FK_ADDRESS_ID, GENDER)
VALUES ('31013', 'Caroline', 'Kruschwitz', '26.07.2024', 31, 'm');

INSERT INTO CUSTOMERS (CUSTID, FIRST_NAME, LAST_NAME, CREATION_DATE, FK_ADDRESS_ID, GENDER)
VALUES ('37651', 'Gerard', 'Cichorius', '28.09.2023', 5, 'm');

INSERT INTO CUSTOMERS (CUSTID, FIRST_NAME, LAST_NAME, CREATION_DATE, FK_ADDRESS_ID, GENDER)
VALUES ('84592', 'Waltraud', 'Reinhardt', '21.09.2023', 21, 'w');

INSERT INTO CUSTOMERS (CUSTID, FIRST_NAME, LAST_NAME, CREATION_DATE, FK_ADDRESS_ID, GENDER)
VALUES ('98630', 'Mathias', 'Briemer', '26.07.2024', 10, 'm');

INSERT INTO CUSTOMERS (CUSTID, FIRST_NAME, LAST_NAME, CREATION_DATE, FK_ADDRESS_ID, GENDER)
VALUES ('51274', 'Erhardt', 'Rogge', '29.08.2023', 29, 'w');

INSERT INTO CUSTOMERS (CUSTID, FIRST_NAME, LAST_NAME, CREATION_DATE, FK_ADDRESS_ID, GENDER)
VALUES ('22953', 'Jurij', 'Heß', '11.11.2023', 9, 'm');

INSERT INTO CUSTOMERS (CUSTID, FIRST_NAME, LAST_NAME, CREATION_DATE, FK_ADDRESS_ID, GENDER)
VALUES ('73536', 'Mechtild', 'Gude', '08.08.2023', 38, 'm');

INSERT INTO CUSTOMERS (CUSTID, FIRST_NAME, LAST_NAME, CREATION_DATE, FK_ADDRESS_ID, GENDER)
VALUES ('77278', 'Rouven', 'Geißler', '30.10.2023', 7, 'w');

INSERT INTO CUSTOMERS (CUSTID, FIRST_NAME, LAST_NAME, CREATION_DATE, FK_ADDRESS_ID, GENDER)
VALUES ('40348', 'Hans-Detlef', 'Kohl', '29.07.2023', 5, 'w');

INSERT INTO CUSTOMERS (CUSTID, FIRST_NAME, LAST_NAME, CREATION_DATE, FK_ADDRESS_ID, GENDER)
VALUES ('73922', 'Philip', 'Bien', '05.05.2024', 23, 'm');

INSERT INTO CUSTOMERS (CUSTID, FIRST_NAME, LAST_NAME, CREATION_DATE, FK_ADDRESS_ID, GENDER)
VALUES ('28561', 'Ferenc', 'Neuschäfer', '16.11.2024', 29, 'm');

INSERT INTO CUSTOMERS (CUSTID, FIRST_NAME, LAST_NAME, CREATION_DATE, FK_ADDRESS_ID, GENDER)
VALUES ('40979', 'Eric', 'Dobes', '11.01.2025', 15, 'm');

INSERT INTO CUSTOMERS (CUSTID, FIRST_NAME, LAST_NAME, CREATION_DATE, FK_ADDRESS_ID, GENDER)
VALUES ('30939', 'Hartmuth', 'Linke', '10.10.2023', 20, 'w');

INSERT INTO CUSTOMERS (CUSTID, FIRST_NAME, LAST_NAME, CREATION_DATE, FK_ADDRESS_ID, GENDER)
VALUES ('23469', 'Meryem', 'Harloff', '17.10.2024', 32, 'm');

INSERT INTO CUSTOMERS (CUSTID, FIRST_NAME, LAST_NAME, CREATION_DATE, FK_ADDRESS_ID, GENDER)
VALUES ('86089', 'Armin', 'Lindau', '29.09.2024', 14, 'm');

INSERT INTO CUSTOMERS (CUSTID, FIRST_NAME, LAST_NAME, CREATION_DATE, FK_ADDRESS_ID, GENDER)
VALUES ('79617', 'Giovanni', 'Heydrich', '24.05.2024', 10, 'm');

INSERT INTO CUSTOMERS (CUSTID, FIRST_NAME, LAST_NAME, CREATION_DATE, FK_ADDRESS_ID, GENDER)
VALUES ('79684', 'Tilly', 'Birnbaum', '13.11.2023', 20, 'w');

INSERT INTO CUSTOMERS (CUSTID, FIRST_NAME, LAST_NAME, CREATION_DATE, FK_ADDRESS_ID, GENDER)
VALUES ('55179', 'Maritta', 'Kade', '14.01.2025', 23, 'w');

INSERT INTO CUSTOMERS (CUSTID, FIRST_NAME, LAST_NAME, CREATION_DATE, FK_ADDRESS_ID, GENDER)
VALUES ('22613', 'Sieglinde', 'Wilms', '05.08.2024', 32, 'm');

INSERT INTO CUSTOMERS (CUSTID, FIRST_NAME, LAST_NAME, CREATION_DATE, FK_ADDRESS_ID, GENDER)
VALUES ('41837', 'Gabriel', 'Carsten', '12.08.2023', 39, 'w');

INSERT INTO CUSTOMERS (CUSTID, FIRST_NAME, LAST_NAME, CREATION_DATE, FK_ADDRESS_ID, GENDER)
VALUES ('69632', 'Gebhard', 'Junck', '26.02.2025', 39, 'w');

INSERT INTO CUSTOMERS (CUSTID, FIRST_NAME, LAST_NAME, CREATION_DATE, FK_ADDRESS_ID, GENDER)
VALUES ('70107', 'Anni', 'Börner', '09.04.2024', 11, 'm');

INSERT INTO CUSTOMERS (CUSTID, FIRST_NAME, LAST_NAME, CREATION_DATE, FK_ADDRESS_ID, GENDER)
VALUES ('27496', 'Miroslawa', 'Graf', '03.11.2024', 37, 'w');

INSERT INTO CUSTOMERS (CUSTID, FIRST_NAME, LAST_NAME, CREATION_DATE, FK_ADDRESS_ID, GENDER)
VALUES ('47578', 'Romy', 'Beckmann', '23.12.2024', 5, 'm');

INSERT INTO CUSTOMERS (CUSTID, FIRST_NAME, LAST_NAME, CREATION_DATE, FK_ADDRESS_ID, GENDER)
VALUES ('92324', 'Sigurd', 'Pölitz', '29.07.2023', 10, 'w');

INSERT INTO CUSTOMERS (CUSTID, FIRST_NAME, LAST_NAME, CREATION_DATE, FK_ADDRESS_ID, GENDER)
VALUES ('38748', 'Wolf-Rüdiger', 'Koch', '05.10.2024', 32, 'm');

INSERT INTO CUSTOMERS (CUSTID, FIRST_NAME, LAST_NAME, CREATION_DATE, FK_ADDRESS_ID, GENDER)
VALUES ('67027', 'Wiltrud', 'Baum', '25.07.2023', 30, 'm');

INSERT INTO CUSTOMERS (CUSTID, FIRST_NAME, LAST_NAME, CREATION_DATE, FK_ADDRESS_ID, GENDER)
VALUES ('83565', 'Elizabeth', 'Siering', '14.12.2023', 35, 'w');

INSERT INTO CUSTOMERS (CUSTID, FIRST_NAME, LAST_NAME, CREATION_DATE, FK_ADDRESS_ID, GENDER)
VALUES ('52863', 'Brian', 'Stey', '13.01.2024', 19, 'w');

INSERT INTO CUSTOMERS (CUSTID, FIRST_NAME, LAST_NAME, CREATION_DATE, FK_ADDRESS_ID, GENDER)
VALUES ('67066', 'Filippo', 'Davids', '04.04.2024', 9, 'w');

INSERT INTO CUSTOMERS (CUSTID, FIRST_NAME, LAST_NAME, CREATION_DATE, FK_ADDRESS_ID, GENDER)
VALUES ('72996', 'Mariola', 'Davids', '01.09.2023', 5, 'm');

INSERT INTO CUSTOMERS (CUSTID, FIRST_NAME, LAST_NAME, CREATION_DATE, FK_ADDRESS_ID, GENDER)
VALUES ('24861', 'Katalin', 'Pergande', '18.10.2023', 39, 'w');

INSERT INTO CUSTOMERS (CUSTID, FIRST_NAME, LAST_NAME, CREATION_DATE, FK_ADDRESS_ID, GENDER)
VALUES ('51458', 'Pavel', 'Bauer', '17.10.2024', 12, 'w');

INSERT INTO CUSTOMERS (CUSTID, FIRST_NAME, LAST_NAME, CREATION_DATE, FK_ADDRESS_ID, GENDER)
VALUES ('39978', 'Benno', 'Gutknecht', '22.11.2023', 38, 'w');

INSERT INTO SERVICE_PROVIDER (UST_IDNR, MOBILTELNR, PROVIDER_NAME, FAXNR, WEBSITE, EMAIL, TELNR, CREATION_DATE, FK_ADDRESS_ID, FK_LOGO_ID)
VALUES ('DE787176488', '02385771543', 'Holt', '+49(0)3102843723', 1,
        'ijungfer@ebert.com', '+49(0)7598105961', '05.11.2024', 4, 7);

INSERT INTO SERVICE_PROVIDER (UST_IDNR, MOBILTELNR, PROVIDER_NAME, FAXNR, WEBSITE, EMAIL, TELNR, CREATION_DATE, FK_ADDRESS_ID, FK_LOGO_ID)
VALUES ('DE488878714', '03380 73344', 'Schulz Kusch AG', '01503000237', 1,
        'gstey@jaekel.org', '08973 754484', '26.01.2025', 16, 15);

INSERT INTO SERVICE_PROVIDER (UST_IDNR, MOBILTELNR, PROVIDER_NAME, FAXNR, WEBSITE, EMAIL, TELNR, CREATION_DATE, FK_ADDRESS_ID, FK_LOGO_ID)
VALUES ('DE898767328', '07757894773', 'Klemt KG', '0218069087', 1,
        'apergande@haase.org', '08336533008', '10.09.2024', 10, 22);

INSERT INTO SERVICE_PROVIDER (UST_IDNR, MOBILTELNR, PROVIDER_NAME, FAXNR, WEBSITE, EMAIL, TELNR, CREATION_DATE, FK_ADDRESS_ID, FK_LOGO_ID)
VALUES ('DE400260063', '+49(0)9154 42969', 'Roht GmbH & Co. OHG', '+49(0) 521804850', 1,
        'liebeltclaus-dieter@rudolph.de', '(04422) 96926', '26.02.2025', 12, 40);

INSERT INTO SERVICE_PROVIDER (UST_IDNR, MOBILTELNR, PROVIDER_NAME, FAXNR, WEBSITE, EMAIL, TELNR, CREATION_DATE, FK_ADDRESS_ID, FK_LOGO_ID)
VALUES ('DE327438310', '+49 (0) 0087 926156', 'Heinrich Heintze AG & Co. KG', '0554662370', 1,
        'jacobi-jaeckelmartina@pergande.com', '+49(0)2406328484', '06.02.2025', 1, 1);

INSERT INTO SERVICE_PROVIDER (UST_IDNR, MOBILTELNR, PROVIDER_NAME, FAXNR, WEBSITE, EMAIL, TELNR, CREATION_DATE, FK_ADDRESS_ID, FK_LOGO_ID)
VALUES ('DE339918912', '08564 785041', 'Rohleder GmbH', '00659 47588', 1,
        'almafechner@bender.de', '07597 289751', '10.02.2025', 14, 8);

INSERT INTO SERVICE_PROVIDER (UST_IDNR, MOBILTELNR, PROVIDER_NAME, FAXNR, WEBSITE, EMAIL, TELNR, CREATION_DATE, FK_ADDRESS_ID, FK_LOGO_ID)
VALUES ('DE148155254', '04279 337474', 'Finke Holzapfel GmbH & Co. OHG', '+49 (0) 0128 986096', 1,
        'harlofflydia@mies.com', '0826250124', '28.05.2024', 16, 38);

INSERT INTO SERVICE_PROVIDER (UST_IDNR, MOBILTELNR, PROVIDER_NAME, FAXNR, WEBSITE, EMAIL, TELNR, CREATION_DATE, FK_ADDRESS_ID, FK_LOGO_ID)
VALUES ('DE690666437', '+49(0) 127861944', 'Mude', '01244 004245', 1,
        'flantzchantal@stroh.com', '+49(0)3800 83350', '20.07.2024', 35, 37);

INSERT INTO SERVICE_PROVIDER (UST_IDNR, MOBILTELNR, PROVIDER_NAME, FAXNR, WEBSITE, EMAIL, TELNR, CREATION_DATE, FK_ADDRESS_ID, FK_LOGO_ID)
VALUES ('DE644251818', '(01626) 617046', 'Hertrampf', '04079 15176', 1,
        'dietrichgroettner@seifert.org', '+49(0)0740 37946', '20.05.2024', 1, 32);

INSERT INTO SERVICE_PROVIDER (UST_IDNR, MOBILTELNR, PROVIDER_NAME, FAXNR, WEBSITE, EMAIL, TELNR, CREATION_DATE, FK_ADDRESS_ID, FK_LOGO_ID)
VALUES ('DE842481549', '(03778) 971172', 'Gute Atzler Stiftung & Co. KG', '(04330) 08563', 1,
        'fliegnermarcella@trub.com', '+49(0) 480739359', '23.11.2023', 2, 24);

INSERT INTO SERVICE_PROVIDER (UST_IDNR, MOBILTELNR, PROVIDER_NAME, FAXNR, WEBSITE, EMAIL, TELNR, CREATION_DATE, FK_ADDRESS_ID, FK_LOGO_ID)
VALUES ('DE228395609', '+49(0)6589 12798', 'Sölzer', '(09867) 800388', 1,
        'steinberghans-helmut@pieper.com', '(04423) 06879', '05.11.2024', 40, 11);

INSERT INTO SERVICE_PROVIDER (UST_IDNR, MOBILTELNR, PROVIDER_NAME, FAXNR, WEBSITE, EMAIL, TELNR, CREATION_DATE, FK_ADDRESS_ID, FK_LOGO_ID)
VALUES ('DE836250326', '01467507567', 'Hoffmann Kraushaar AG', '0097461883', 1,
        'dbutte@koester.com', '+49(0)8131 33880', '03.03.2024', 40, 18);

INSERT INTO SERVICE_PROVIDER (UST_IDNR, MOBILTELNR, PROVIDER_NAME, FAXNR, WEBSITE, EMAIL, TELNR, CREATION_DATE, FK_ADDRESS_ID, FK_LOGO_ID)
VALUES ('DE732256334', '07501477287', 'Bolander', '+49 (0) 4375 908947', 1,
        'pbeyer@aumann.com', '(04592) 87616', '11.09.2024', 25, 24);

INSERT INTO SERVICE_PROVIDER (UST_IDNR, MOBILTELNR, PROVIDER_NAME, FAXNR, WEBSITE, EMAIL, TELNR, CREATION_DATE, FK_ADDRESS_ID, FK_LOGO_ID)
VALUES ('DE517947501', '+49(0)4641862917', 'Krein KGaA', '+49 (0) 8198 257993', 1,
        'ilachmann@ackermann.com', '+49(0)1785270915', '23.10.2024', 32, 36);

INSERT INTO SERVICE_PROVIDER (UST_IDNR, MOBILTELNR, PROVIDER_NAME, FAXNR, WEBSITE, EMAIL, TELNR, CREATION_DATE, FK_ADDRESS_ID, FK_LOGO_ID)
VALUES ('DE156962319', '+49(0)0896 351077', 'Trüb', '08155324526', 1,
        'sergei98@bolander.com', '+49(0)2396 336421', '14.08.2024', 26, 18);

INSERT INTO SERVICE_PROVIDER (UST_IDNR, MOBILTELNR, PROVIDER_NAME, FAXNR, WEBSITE, EMAIL, TELNR, CREATION_DATE, FK_ADDRESS_ID, FK_LOGO_ID)
VALUES ('DE739343346', '+49(0)6241 06782', 'Pölitz', '05561 490354', 1,
        'jasmin97@fischer.de', '+49(0)1401 74407', '07.02.2024', 34, 37);

INSERT INTO SERVICE_PROVIDER (UST_IDNR, MOBILTELNR, PROVIDER_NAME, FAXNR, WEBSITE, EMAIL, TELNR, CREATION_DATE, FK_ADDRESS_ID, FK_LOGO_ID)
VALUES ('DE485693346', '(01926) 77328', 'Killer', '+49(0) 314972457', 1,
        'ullmannedgar@beer.net', '+49(0)8903 84085', '18.04.2024', 28, 38);

INSERT INTO SERVICE_PROVIDER (UST_IDNR, MOBILTELNR, PROVIDER_NAME, FAXNR, WEBSITE, EMAIL, TELNR, CREATION_DATE, FK_ADDRESS_ID, FK_LOGO_ID)
VALUES ('DE569299118', '00459 488557', 'Ritter Stoll GmbH', '+49(0)4986858665', 1,
        'nhenk@trubin.de', '+49(0)1304 39886', '09.09.2024', 26, 3);

INSERT INTO SERVICE_PROVIDER (UST_IDNR, MOBILTELNR, PROVIDER_NAME, FAXNR, WEBSITE, EMAIL, TELNR, CREATION_DATE, FK_ADDRESS_ID, FK_LOGO_ID)
VALUES ('DE213763685', '(03119) 85945', 'Gorlitz Klemm GmbH', '01479 31737', 1,
        'xwarmer@van.de', '07616 06010', '05.06.2023', 14, 36);

INSERT INTO SERVICE_PROVIDER (UST_IDNR, MOBILTELNR, PROVIDER_NAME, FAXNR, WEBSITE, EMAIL, TELNR, CREATION_DATE, FK_ADDRESS_ID, FK_LOGO_ID)
VALUES ('DE301670762', '03940 773400', 'Zorbach Klemm AG', '05774 591382', 1,
        'fridolin33@baum.de', '+49 (0) 4242 029228', '20.08.2023', 5, 1);

INSERT INTO SERVICE_PROVIDER (UST_IDNR, MOBILTELNR, PROVIDER_NAME, FAXNR, WEBSITE, EMAIL, TELNR, CREATION_DATE, FK_ADDRESS_ID, FK_LOGO_ID)
VALUES ('DE961107626', '+49 (0) 8470 129156', 'Wende', '04032 135425', 1,
        'yklemt@vollbrecht.net', '+49(0)1449372416', '27.11.2024', 22, 10);

INSERT INTO SERVICE_PROVIDER (UST_IDNR, MOBILTELNR, PROVIDER_NAME, FAXNR, WEBSITE, EMAIL, TELNR, CREATION_DATE, FK_ADDRESS_ID, FK_LOGO_ID)
VALUES ('DE394816380', '+49(0)7143 54360', 'Rogge', '0607576328', 1,
        'wboerner@beyer.de', '01753307910', '26.12.2024', 15, 1);

INSERT INTO SERVICE_PROVIDER (UST_IDNR, MOBILTELNR, PROVIDER_NAME, FAXNR, WEBSITE, EMAIL, TELNR, CREATION_DATE, FK_ADDRESS_ID, FK_LOGO_ID)
VALUES ('DE134431072', '09520 51811', 'Aumann', '0692856754', 1,
        'stephanie34@adolph.de', '+49(0)0642 080618', '18.12.2023', 5, 29);

INSERT INTO SERVICE_PROVIDER (UST_IDNR, MOBILTELNR, PROVIDER_NAME, FAXNR, WEBSITE, EMAIL, TELNR, CREATION_DATE, FK_ADDRESS_ID, FK_LOGO_ID)
VALUES ('DE610604118', '04164975889', 'Reichmann Scholl KG', '(06286) 10937', 1,
        'linkepatrik@juncken.com', '(01913) 437880', '07.05.2025', 18, 39);

INSERT INTO SERVICE_PROVIDER (UST_IDNR, MOBILTELNR, PROVIDER_NAME, FAXNR, WEBSITE, EMAIL, TELNR, CREATION_DATE, FK_ADDRESS_ID, FK_LOGO_ID)
VALUES ('DE719996564', '07516 64386', 'Scheuermann', '0030618278', 1,
        'uholsten@troest.com', '07276 82026', '19.04.2024', 4, 3);

INSERT INTO SERVICE_PROVIDER (UST_IDNR, MOBILTELNR, PROVIDER_NAME, FAXNR, WEBSITE, EMAIL, TELNR, CREATION_DATE, FK_ADDRESS_ID, FK_LOGO_ID)
VALUES ('DE468210826', '05999 66590', 'Zahn', '+49(0)7093668217', 1,
        'deberth@foerster.de', '(00278) 111382', '18.02.2025', 25, 7);

INSERT INTO SERVICE_PROVIDER (UST_IDNR, MOBILTELNR, PROVIDER_NAME, FAXNR, WEBSITE, EMAIL, TELNR, CREATION_DATE, FK_ADDRESS_ID, FK_LOGO_ID)
VALUES ('DE288770832', '(09968) 15594', 'Metz', '0218706060', 1,
        'sabrikuehnert@wagner.org', '+49(0) 336449839', '23.09.2023', 27, 20);

INSERT INTO SERVICE_PROVIDER (UST_IDNR, MOBILTELNR, PROVIDER_NAME, FAXNR, WEBSITE, EMAIL, TELNR, CREATION_DATE, FK_ADDRESS_ID, FK_LOGO_ID)
VALUES ('DE644770889', '+49(0) 097533244', 'Rogge Naser GmbH & Co. KG', '+49(0)8088571977', 1,
        'nsteckel@zirme.de', '+49(0)1456 34509', '01.12.2024', 5, 21);

INSERT INTO SERVICE_PROVIDER (UST_IDNR, MOBILTELNR, PROVIDER_NAME, FAXNR, WEBSITE, EMAIL, TELNR, CREATION_DATE, FK_ADDRESS_ID, FK_LOGO_ID)
VALUES ('DE767979541', '05444 87079', 'Pergande GmbH & Co. KG', '04653 673116', 1,
        'mercedes61@seidel.com', '+49(0)3182 249725', '08.04.2024', 31, 14);

INSERT INTO SERVICE_PROVIDER (UST_IDNR, MOBILTELNR, PROVIDER_NAME, FAXNR, WEBSITE, EMAIL, TELNR, CREATION_DATE, FK_ADDRESS_ID, FK_LOGO_ID)
VALUES ('DE433408104', '07484158844', 'Müller Ruppert GbR', '0773741064', 1,
        'olavrust@textor.de', '01187 90450', '13.09.2023', 9, 26);

INSERT INTO SERVICE_PROVIDER (UST_IDNR, MOBILTELNR, PROVIDER_NAME, FAXNR, WEBSITE, EMAIL, TELNR, CREATION_DATE, FK_ADDRESS_ID, FK_LOGO_ID)
VALUES ('DE865462861', '+49(0)0035 85070', 'Preiß Zorbach AG', '(04206) 652271', 1,
        'liebeltagnes@lorch.de', '+49(0)1683 82331', '12.02.2025', 4, 17);

INSERT INTO SERVICE_PROVIDER (UST_IDNR, MOBILTELNR, PROVIDER_NAME, FAXNR, WEBSITE, EMAIL, TELNR, CREATION_DATE, FK_ADDRESS_ID, FK_LOGO_ID)
VALUES ('DE684065506', '(05861) 353233', 'Haering', '+49 (0) 4827 942744', 1,
        'obaerer@jaehn.net', '0447285411', '01.03.2025', 35, 16);

INSERT INTO SERVICE_PROVIDER (UST_IDNR, MOBILTELNR, PROVIDER_NAME, FAXNR, WEBSITE, EMAIL, TELNR, CREATION_DATE, FK_ADDRESS_ID, FK_LOGO_ID)
VALUES ('DE187724298', '01736 901729', 'Weinhage Matthäi e.G.', '08697 702490', 1,
        'jurij66@fritsch.com', '+49 (0) 9557 812490', '23.10.2024', 27, 28);

INSERT INTO SERVICE_PROVIDER (UST_IDNR, MOBILTELNR, PROVIDER_NAME, FAXNR, WEBSITE, EMAIL, TELNR, CREATION_DATE, FK_ADDRESS_ID, FK_LOGO_ID)
VALUES ('DE245286867', '+49 (0) 6236 709607', 'Wesack GmbH & Co. OHG', '+49 (0) 3344 594644', 1,
        'friedl18@bauer.com', '(05109) 750997', '26.01.2024', 31, 6);

INSERT INTO SERVICE_PROVIDER (UST_IDNR, MOBILTELNR, PROVIDER_NAME, FAXNR, WEBSITE, EMAIL, TELNR, CREATION_DATE, FK_ADDRESS_ID, FK_LOGO_ID)
VALUES ('DE329879329', '(07012) 20815', 'Häring', '02635 68594', 1,
        'aloisauch-schlauchin@noack.de', '(01737) 87443', '24.08.2023', 25, 1);

INSERT INTO SERVICE_PROVIDER (UST_IDNR, MOBILTELNR, PROVIDER_NAME, FAXNR, WEBSITE, EMAIL, TELNR, CREATION_DATE, FK_ADDRESS_ID, FK_LOGO_ID)
VALUES ('DE354227687', '+49(0)4676 413906', 'Eberth KGaA', '+49(0)7673 46957', 1,
        'ikarge@neureuther.com', '(08416) 88732', '03.05.2025', 22, 40);

INSERT INTO SERVICE_PROVIDER (UST_IDNR, MOBILTELNR, PROVIDER_NAME, FAXNR, WEBSITE, EMAIL, TELNR, CREATION_DATE, FK_ADDRESS_ID, FK_LOGO_ID)
VALUES ('DE178547539', '(04320) 24578', 'Briemer', '04076 863623', 1,
        'krystyna71@schwital.com', '(08961) 21582', '27.07.2024', 23, 20);

INSERT INTO SERVICE_PROVIDER (UST_IDNR, MOBILTELNR, PROVIDER_NAME, FAXNR, WEBSITE, EMAIL, TELNR, CREATION_DATE, FK_ADDRESS_ID, FK_LOGO_ID)
VALUES ('DE347555817', '+49(0)3740 41244', 'Kallert Gorlitz e.V.', '07869 345971', 1,
        'ottomargrit@loos.org', '+49(0) 134454731', '26.06.2023', 20, 40);

INSERT INTO SERVICE_PROVIDER (UST_IDNR, MOBILTELNR, PROVIDER_NAME, FAXNR, WEBSITE, EMAIL, TELNR, CREATION_DATE, FK_ADDRESS_ID, FK_LOGO_ID)
VALUES ('DE799115524', '+49(0)4439276416', 'Segebahn Mende GmbH', '+49(0)7733565501', 1,
        'oebert@kaester.de', '+49 (0) 3792 480754', '15.09.2024', 9, 10);

INSERT INTO SERVICE_PROVIDER (UST_IDNR, MOBILTELNR, PROVIDER_NAME, FAXNR, WEBSITE, EMAIL, TELNR, CREATION_DATE, FK_ADDRESS_ID, FK_LOGO_ID)
VALUES ('DE103229208', '06592 339463', 'Ortmann', '+49(0) 638256445', 1,
        'helmtrud69@haering.de', '(01085) 26343', '30.05.2025', 21, 16);

INSERT INTO ACCOUNT (IBAN, FK_BANK_ID, FK_UST_IDNR)
VALUES ('DE54109288602158395823',
        'OTEGDEOD',
        'DE569299118');

INSERT INTO ACCOUNT (IBAN, FK_BANK_ID, FK_UST_IDNR)
VALUES ('DE43553552069504602869',
        'YHNMDEMJ',
        'DE156962319');

INSERT INTO ACCOUNT (IBAN, FK_BANK_ID, FK_UST_IDNR)
VALUES ('DE73624227730566261727',
        'NENSDE1R',
        'DE898767328');

INSERT INTO ACCOUNT (IBAN, FK_BANK_ID, FK_UST_IDNR)
VALUES ('DE06440767937405277121',
        'NENSDE1R',
        'DE213763685');

INSERT INTO ACCOUNT (IBAN, FK_BANK_ID, FK_UST_IDNR)
VALUES ('DE83355170887677036919',
        'YEWIDE8O',
        'DE517947501');

INSERT INTO ACCOUNT (IBAN, FK_BANK_ID, FK_UST_IDNR)
VALUES ('DE72614011418878822453',
        'UESODEKT',
        'DE610604118');

INSERT INTO ACCOUNT (IBAN, FK_BANK_ID, FK_UST_IDNR)
VALUES ('DE94500989418524882032',
        'TPLGDE35',
        'DE288770832');

INSERT INTO ACCOUNT (IBAN, FK_BANK_ID, FK_UST_IDNR)
VALUES ('DE70382471816239526627',
        'OTEGDEOD',
        'DE228395609');

INSERT INTO ACCOUNT (IBAN, FK_BANK_ID, FK_UST_IDNR)
VALUES ('DE18388736741995142325',
        'NENSDE1R',
        'DE767979541');

INSERT INTO ACCOUNT (IBAN, FK_BANK_ID, FK_UST_IDNR)
VALUES ('DE38476771026258210437',
        'TRPIDE34',
        'DE329879329');

INSERT INTO ACCOUNT (IBAN, FK_BANK_ID, FK_UST_IDNR)
VALUES ('DE14669848790414562742',
        'AFLBDESM',
        'DE228395609');

INSERT INTO ACCOUNT (IBAN, FK_BANK_ID, FK_UST_IDNR)
VALUES ('DE40826682978944619825',
        'BHPDDE4I',
        'DE103229208');

INSERT INTO ACCOUNT (IBAN, FK_BANK_ID, FK_UST_IDNR)
VALUES ('DE19319628636575195695',
        'FCTBDEI0',
        'DE468210826');

INSERT INTO ACCOUNT (IBAN, FK_BANK_ID, FK_UST_IDNR)
VALUES ('DE02869068914610674145',
        'XETUDE9Y',
        'DE569299118');

INSERT INTO ACCOUNT (IBAN, FK_BANK_ID, FK_UST_IDNR)
VALUES ('DE16237644996611117624',
        'YWANDE25',
        'DE961107626');

INSERT INTO ACCOUNT (IBAN, FK_BANK_ID, FK_UST_IDNR)
VALUES ('DE54860106203423941691',
        'NENSDE1R',
        'DE301670762');

INSERT INTO ACCOUNT (IBAN, FK_BANK_ID, FK_UST_IDNR)
VALUES ('DE05006993216551634189',
        'YEWIDE8O',
        'DE739343346');

INSERT INTO ACCOUNT (IBAN, FK_BANK_ID, FK_UST_IDNR)
VALUES ('DE47538504555118225350',
        'ZQAFDEON',
        'DE787176488');

INSERT INTO ACCOUNT (IBAN, FK_BANK_ID, FK_UST_IDNR)
VALUES ('DE58846893151144263755',
        'UWWYDE7C',
        'DE213763685');

INSERT INTO ACCOUNT (IBAN, FK_BANK_ID, FK_UST_IDNR)
VALUES ('DE80738046562051479332',
        'XETUDE9Y',
        'DE301670762');

INSERT INTO ACCOUNT (IBAN, FK_BANK_ID, FK_UST_IDNR)
VALUES ('DE41890043177683244718',
        'YQDRDESB',
        'DE354227687');

INSERT INTO ACCOUNT (IBAN, FK_BANK_ID, FK_UST_IDNR)
VALUES ('DE78133966542744987411',
        'AUVFDE2G',
        'DE799115524');

INSERT INTO ACCOUNT (IBAN, FK_BANK_ID, FK_UST_IDNR)
VALUES ('DE71641182541362799176',
        'FPUGDEO3',
        'DE178547539');

INSERT INTO ACCOUNT (IBAN, FK_BANK_ID, FK_UST_IDNR)
VALUES ('DE88069072623995532035',
        'WCGFDETO',
        'DE187724298');

INSERT INTO ACCOUNT (IBAN, FK_BANK_ID, FK_UST_IDNR)
VALUES ('DE76645868326972105061',
        'YHNMDEMJ',
        'DE719996564');

INSERT INTO ACCOUNT (IBAN, FK_BANK_ID, FK_UST_IDNR)
VALUES ('DE77073774676736053422',
        'UWWYDE7C',
        'DE644770889');

INSERT INTO ACCOUNT (IBAN, FK_BANK_ID, FK_UST_IDNR)
VALUES ('DE60718187693292710998',
        'NENSDE1R',
        'DE178547539');

INSERT INTO ACCOUNT (IBAN, FK_BANK_ID, FK_UST_IDNR)
VALUES ('DE17274415744209653832',
        'YHNMDEMJ',
        'DE245286867');

INSERT INTO ACCOUNT (IBAN, FK_BANK_ID, FK_UST_IDNR)
VALUES ('DE41557803372418454252',
        'YQDRDESB',
        'DE187724298');

INSERT INTO ACCOUNT (IBAN, FK_BANK_ID, FK_UST_IDNR)
VALUES ('DE88811554176256513867',
        'WCGFDETO',
        'DE569299118');

INSERT INTO ACCOUNT (IBAN, FK_BANK_ID, FK_UST_IDNR)
VALUES ('DE17999728850882126039',
        'FPUGDEO3',
        'DE400260063');

INSERT INTO ACCOUNT (IBAN, FK_BANK_ID, FK_UST_IDNR)
VALUES ('DE05701523545932602419',
        'ZAQADEVN',
        'DE339918912');

INSERT INTO ACCOUNT (IBAN, FK_BANK_ID, FK_UST_IDNR)
VALUES ('DE18981092868230082503',
        'TKRTDEGX',
        'DE610604118');

INSERT INTO ACCOUNT (IBAN, FK_BANK_ID, FK_UST_IDNR)
VALUES ('DE79237512515032963863',
        'ABSBDEOI',
        'DE610604118');

INSERT INTO ACCOUNT (IBAN, FK_BANK_ID, FK_UST_IDNR)
VALUES ('DE02347939075805285078',
        'TPLGDE35',
        'DE354227687');

INSERT INTO ACCOUNT (IBAN, FK_BANK_ID, FK_UST_IDNR)
VALUES ('DE27255829535130595419',
        'QJZVDEG1',
        'DE148155254');

INSERT INTO ACCOUNT (IBAN, FK_BANK_ID, FK_UST_IDNR)
VALUES ('DE46860599616006396228',
        'ZQAFDEON',
        'DE644770889');

INSERT INTO ACCOUNT (IBAN, FK_BANK_ID, FK_UST_IDNR)
VALUES ('DE35962030012003152813',
        'XIFQDEV6',
        'DE288770832');

INSERT INTO ACCOUNT (IBAN, FK_BANK_ID, FK_UST_IDNR)
VALUES ('DE05080477458493969806',
        'YHNMDEMJ',
        'DE288770832');

INSERT INTO ACCOUNT (IBAN, FK_BANK_ID, FK_UST_IDNR)
VALUES ('DE54922820813109677345',
        'PCCPDEEG',
        'DE213763685');

INSERT INTO INVOICES (INVOICE_NR, CREATION_DATE, FK_CUSTID, FK_UST_IDNR, LABOR_COST, VAT_RATE_LABOR, VAT_RATE_POSITIONS)
VALUES ('81258', '02.02.2025', 
        (SELECT CUSTID FROM CUSTOMERS ORDER BY RANDOM() LIMIT 1), 
        (SELECT UST_IDNR FROM SERVICE_PROVIDER ORDER BY RANDOM() LIMIT 1),
        82.83, 19, 19);

INSERT INTO INVOICES (INVOICE_NR, CREATION_DATE, FK_CUSTID, FK_UST_IDNR, LABOR_COST, VAT_RATE_LABOR, VAT_RATE_POSITIONS)
VALUES ('56143', '04.01.2025', 
        (SELECT CUSTID FROM CUSTOMERS ORDER BY RANDOM() LIMIT 1), 
        (SELECT UST_IDNR FROM SERVICE_PROVIDER ORDER BY RANDOM() LIMIT 1),
        302.58, 19, 19);

INSERT INTO INVOICES (INVOICE_NR, CREATION_DATE, FK_CUSTID, FK_UST_IDNR, LABOR_COST, VAT_RATE_LABOR, VAT_RATE_POSITIONS)
VALUES ('51259', '09.02.2024', 
        (SELECT CUSTID FROM CUSTOMERS ORDER BY RANDOM() LIMIT 1), 
        (SELECT UST_IDNR FROM SERVICE_PROVIDER ORDER BY RANDOM() LIMIT 1),
        120.27, 19, 19);

INSERT INTO INVOICES (INVOICE_NR, CREATION_DATE, FK_CUSTID, FK_UST_IDNR, LABOR_COST, VAT_RATE_LABOR, VAT_RATE_POSITIONS)
VALUES ('41768', '21.09.2023', 
        (SELECT CUSTID FROM CUSTOMERS ORDER BY RANDOM() LIMIT 1), 
        (SELECT UST_IDNR FROM SERVICE_PROVIDER ORDER BY RANDOM() LIMIT 1),
        402.19, 19, 19);

INSERT INTO INVOICES (INVOICE_NR, CREATION_DATE, FK_CUSTID, FK_UST_IDNR, LABOR_COST, VAT_RATE_LABOR, VAT_RATE_POSITIONS)
VALUES ('60607', '03.06.2024', 
        (SELECT CUSTID FROM CUSTOMERS ORDER BY RANDOM() LIMIT 1), 
        (SELECT UST_IDNR FROM SERVICE_PROVIDER ORDER BY RANDOM() LIMIT 1),
        157.54, 19, 19);

INSERT INTO INVOICES (INVOICE_NR, CREATION_DATE, FK_CUSTID, FK_UST_IDNR, LABOR_COST, VAT_RATE_LABOR, VAT_RATE_POSITIONS)
VALUES ('43258', '29.01.2024', 
        (SELECT CUSTID FROM CUSTOMERS ORDER BY RANDOM() LIMIT 1), 
        (SELECT UST_IDNR FROM SERVICE_PROVIDER ORDER BY RANDOM() LIMIT 1),
        29.78, 19, 19);

INSERT INTO INVOICES (INVOICE_NR, CREATION_DATE, FK_CUSTID, FK_UST_IDNR, LABOR_COST, VAT_RATE_LABOR, VAT_RATE_POSITIONS)
VALUES ('50667', '03.05.2025', 
        (SELECT CUSTID FROM CUSTOMERS ORDER BY RANDOM() LIMIT 1), 
        (SELECT UST_IDNR FROM SERVICE_PROVIDER ORDER BY RANDOM() LIMIT 1),
        55.53, 19, 19);

INSERT INTO INVOICES (INVOICE_NR, CREATION_DATE, FK_CUSTID, FK_UST_IDNR, LABOR_COST, VAT_RATE_LABOR, VAT_RATE_POSITIONS)
VALUES ('76972', '07.06.2023', 
        (SELECT CUSTID FROM CUSTOMERS ORDER BY RANDOM() LIMIT 1), 
        (SELECT UST_IDNR FROM SERVICE_PROVIDER ORDER BY RANDOM() LIMIT 1),
        419.8, 19, 19);

INSERT INTO INVOICES (INVOICE_NR, CREATION_DATE, FK_CUSTID, FK_UST_IDNR, LABOR_COST, VAT_RATE_LABOR, VAT_RATE_POSITIONS)
VALUES ('99627', '12.03.2024', 
        (SELECT CUSTID FROM CUSTOMERS ORDER BY RANDOM() LIMIT 1), 
        (SELECT UST_IDNR FROM SERVICE_PROVIDER ORDER BY RANDOM() LIMIT 1),
        465.52, 19, 19);

INSERT INTO INVOICES (INVOICE_NR, CREATION_DATE, FK_CUSTID, FK_UST_IDNR, LABOR_COST, VAT_RATE_LABOR, VAT_RATE_POSITIONS)
VALUES ('81878', '30.07.2023', 
        (SELECT CUSTID FROM CUSTOMERS ORDER BY RANDOM() LIMIT 1), 
        (SELECT UST_IDNR FROM SERVICE_PROVIDER ORDER BY RANDOM() LIMIT 1),
        301.64, 19, 19);

INSERT INTO INVOICES (INVOICE_NR, CREATION_DATE, FK_CUSTID, FK_UST_IDNR, LABOR_COST, VAT_RATE_LABOR, VAT_RATE_POSITIONS)
VALUES ('55769', '12.07.2024', 
        (SELECT CUSTID FROM CUSTOMERS ORDER BY RANDOM() LIMIT 1), 
        (SELECT UST_IDNR FROM SERVICE_PROVIDER ORDER BY RANDOM() LIMIT 1),
        445.38, 19, 19);

INSERT INTO INVOICES (INVOICE_NR, CREATION_DATE, FK_CUSTID, FK_UST_IDNR, LABOR_COST, VAT_RATE_LABOR, VAT_RATE_POSITIONS)
VALUES ('71113', '25.08.2023', 
        (SELECT CUSTID FROM CUSTOMERS ORDER BY RANDOM() LIMIT 1), 
        (SELECT UST_IDNR FROM SERVICE_PROVIDER ORDER BY RANDOM() LIMIT 1),
        19.01, 19, 19);

INSERT INTO INVOICES (INVOICE_NR, CREATION_DATE, FK_CUSTID, FK_UST_IDNR, LABOR_COST, VAT_RATE_LABOR, VAT_RATE_POSITIONS)
VALUES ('44046', '15.10.2024', 
        (SELECT CUSTID FROM CUSTOMERS ORDER BY RANDOM() LIMIT 1), 
        (SELECT UST_IDNR FROM SERVICE_PROVIDER ORDER BY RANDOM() LIMIT 1),
        242.44, 19, 19);

INSERT INTO INVOICES (INVOICE_NR, CREATION_DATE, FK_CUSTID, FK_UST_IDNR, LABOR_COST, VAT_RATE_LABOR, VAT_RATE_POSITIONS)
VALUES ('88542', '29.01.2025', 
        (SELECT CUSTID FROM CUSTOMERS ORDER BY RANDOM() LIMIT 1), 
        (SELECT UST_IDNR FROM SERVICE_PROVIDER ORDER BY RANDOM() LIMIT 1),
        162.59, 19, 19);

INSERT INTO INVOICES (INVOICE_NR, CREATION_DATE, FK_CUSTID, FK_UST_IDNR, LABOR_COST, VAT_RATE_LABOR, VAT_RATE_POSITIONS)
VALUES ('71262', '13.04.2025', 
        (SELECT CUSTID FROM CUSTOMERS ORDER BY RANDOM() LIMIT 1), 
        (SELECT UST_IDNR FROM SERVICE_PROVIDER ORDER BY RANDOM() LIMIT 1),
        122.69, 19, 19);

INSERT INTO INVOICES (INVOICE_NR, CREATION_DATE, FK_CUSTID, FK_UST_IDNR, LABOR_COST, VAT_RATE_LABOR, VAT_RATE_POSITIONS)
VALUES ('60456', '22.08.2023', 
        (SELECT CUSTID FROM CUSTOMERS ORDER BY RANDOM() LIMIT 1), 
        (SELECT UST_IDNR FROM SERVICE_PROVIDER ORDER BY RANDOM() LIMIT 1),
        325.63, 19, 19);

INSERT INTO INVOICES (INVOICE_NR, CREATION_DATE, FK_CUSTID, FK_UST_IDNR, LABOR_COST, VAT_RATE_LABOR, VAT_RATE_POSITIONS)
VALUES ('59154', '21.03.2025', 
        (SELECT CUSTID FROM CUSTOMERS ORDER BY RANDOM() LIMIT 1), 
        (SELECT UST_IDNR FROM SERVICE_PROVIDER ORDER BY RANDOM() LIMIT 1),
        370.08, 19, 19);

INSERT INTO INVOICES (INVOICE_NR, CREATION_DATE, FK_CUSTID, FK_UST_IDNR, LABOR_COST, VAT_RATE_LABOR, VAT_RATE_POSITIONS)
VALUES ('82466', '21.08.2023', 
        (SELECT CUSTID FROM CUSTOMERS ORDER BY RANDOM() LIMIT 1), 
        (SELECT UST_IDNR FROM SERVICE_PROVIDER ORDER BY RANDOM() LIMIT 1),
        257.73, 19, 19);

INSERT INTO INVOICES (INVOICE_NR, CREATION_DATE, FK_CUSTID, FK_UST_IDNR, LABOR_COST, VAT_RATE_LABOR, VAT_RATE_POSITIONS)
VALUES ('44411', '19.07.2024', 
        (SELECT CUSTID FROM CUSTOMERS ORDER BY RANDOM() LIMIT 1), 
        (SELECT UST_IDNR FROM SERVICE_PROVIDER ORDER BY RANDOM() LIMIT 1),
        80.87, 19, 19);

INSERT INTO INVOICES (INVOICE_NR, CREATION_DATE, FK_CUSTID, FK_UST_IDNR, LABOR_COST, VAT_RATE_LABOR, VAT_RATE_POSITIONS)
VALUES ('64709', '12.07.2024', 
        (SELECT CUSTID FROM CUSTOMERS ORDER BY RANDOM() LIMIT 1), 
        (SELECT UST_IDNR FROM SERVICE_PROVIDER ORDER BY RANDOM() LIMIT 1),
        489.07, 19, 19);

INSERT INTO INVOICES (INVOICE_NR, CREATION_DATE, FK_CUSTID, FK_UST_IDNR, LABOR_COST, VAT_RATE_LABOR, VAT_RATE_POSITIONS)
VALUES ('61531', '05.01.2025', 
        (SELECT CUSTID FROM CUSTOMERS ORDER BY RANDOM() LIMIT 1), 
        (SELECT UST_IDNR FROM SERVICE_PROVIDER ORDER BY RANDOM() LIMIT 1),
        61.49, 19, 19);

INSERT INTO INVOICES (INVOICE_NR, CREATION_DATE, FK_CUSTID, FK_UST_IDNR, LABOR_COST, VAT_RATE_LABOR, VAT_RATE_POSITIONS)
VALUES ('56385', '12.02.2024', 
        (SELECT CUSTID FROM CUSTOMERS ORDER BY RANDOM() LIMIT 1), 
        (SELECT UST_IDNR FROM SERVICE_PROVIDER ORDER BY RANDOM() LIMIT 1),
        216.92, 19, 19);

INSERT INTO INVOICES (INVOICE_NR, CREATION_DATE, FK_CUSTID, FK_UST_IDNR, LABOR_COST, VAT_RATE_LABOR, VAT_RATE_POSITIONS)
VALUES ('50200', '26.02.2025', 
        (SELECT CUSTID FROM CUSTOMERS ORDER BY RANDOM() LIMIT 1), 
        (SELECT UST_IDNR FROM SERVICE_PROVIDER ORDER BY RANDOM() LIMIT 1),
        29.33, 19, 19);

INSERT INTO INVOICES (INVOICE_NR, CREATION_DATE, FK_CUSTID, FK_UST_IDNR, LABOR_COST, VAT_RATE_LABOR, VAT_RATE_POSITIONS)
VALUES ('53853', '22.04.2024', 
        (SELECT CUSTID FROM CUSTOMERS ORDER BY RANDOM() LIMIT 1), 
        (SELECT UST_IDNR FROM SERVICE_PROVIDER ORDER BY RANDOM() LIMIT 1),
        472.1, 19, 19);

INSERT INTO INVOICES (INVOICE_NR, CREATION_DATE, FK_CUSTID, FK_UST_IDNR, LABOR_COST, VAT_RATE_LABOR, VAT_RATE_POSITIONS)
VALUES ('96941', '24.04.2024', 
        (SELECT CUSTID FROM CUSTOMERS ORDER BY RANDOM() LIMIT 1), 
        (SELECT UST_IDNR FROM SERVICE_PROVIDER ORDER BY RANDOM() LIMIT 1),
        61.49, 19, 19);

INSERT INTO INVOICES (INVOICE_NR, CREATION_DATE, FK_CUSTID, FK_UST_IDNR, LABOR_COST, VAT_RATE_LABOR, VAT_RATE_POSITIONS)
VALUES ('49164', '03.09.2024', 
        (SELECT CUSTID FROM CUSTOMERS ORDER BY RANDOM() LIMIT 1), 
        (SELECT UST_IDNR FROM SERVICE_PROVIDER ORDER BY RANDOM() LIMIT 1),
        39.55, 19, 19);

INSERT INTO INVOICES (INVOICE_NR, CREATION_DATE, FK_CUSTID, FK_UST_IDNR, LABOR_COST, VAT_RATE_LABOR, VAT_RATE_POSITIONS)
VALUES ('88891', '19.12.2023', 
        (SELECT CUSTID FROM CUSTOMERS ORDER BY RANDOM() LIMIT 1), 
        (SELECT UST_IDNR FROM SERVICE_PROVIDER ORDER BY RANDOM() LIMIT 1),
        290.13, 19, 19);

INSERT INTO INVOICES (INVOICE_NR, CREATION_DATE, FK_CUSTID, FK_UST_IDNR, LABOR_COST, VAT_RATE_LABOR, VAT_RATE_POSITIONS)
VALUES ('83240', '09.03.2025', 
        (SELECT CUSTID FROM CUSTOMERS ORDER BY RANDOM() LIMIT 1), 
        (SELECT UST_IDNR FROM SERVICE_PROVIDER ORDER BY RANDOM() LIMIT 1),
        304.13, 19, 19);

INSERT INTO INVOICES (INVOICE_NR, CREATION_DATE, FK_CUSTID, FK_UST_IDNR, LABOR_COST, VAT_RATE_LABOR, VAT_RATE_POSITIONS)
VALUES ('71347', '21.09.2023', 
        (SELECT CUSTID FROM CUSTOMERS ORDER BY RANDOM() LIMIT 1), 
        (SELECT UST_IDNR FROM SERVICE_PROVIDER ORDER BY RANDOM() LIMIT 1),
        331.02, 19, 19);

INSERT INTO INVOICES (INVOICE_NR, CREATION_DATE, FK_CUSTID, FK_UST_IDNR, LABOR_COST, VAT_RATE_LABOR, VAT_RATE_POSITIONS)
VALUES ('62927', '22.12.2024', 
        (SELECT CUSTID FROM CUSTOMERS ORDER BY RANDOM() LIMIT 1), 
        (SELECT UST_IDNR FROM SERVICE_PROVIDER ORDER BY RANDOM() LIMIT 1),
        10.83, 19, 19);

INSERT INTO INVOICES (INVOICE_NR, CREATION_DATE, FK_CUSTID, FK_UST_IDNR, LABOR_COST, VAT_RATE_LABOR, VAT_RATE_POSITIONS)
VALUES ('81172', '19.05.2025', 
        (SELECT CUSTID FROM CUSTOMERS ORDER BY RANDOM() LIMIT 1), 
        (SELECT UST_IDNR FROM SERVICE_PROVIDER ORDER BY RANDOM() LIMIT 1),
        371.06, 19, 19);

INSERT INTO INVOICES (INVOICE_NR, CREATION_DATE, FK_CUSTID, FK_UST_IDNR, LABOR_COST, VAT_RATE_LABOR, VAT_RATE_POSITIONS)
VALUES ('40806', '23.04.2024', 
        (SELECT CUSTID FROM CUSTOMERS ORDER BY RANDOM() LIMIT 1), 
        (SELECT UST_IDNR FROM SERVICE_PROVIDER ORDER BY RANDOM() LIMIT 1),
        294.66, 19, 19);

INSERT INTO INVOICES (INVOICE_NR, CREATION_DATE, FK_CUSTID, FK_UST_IDNR, LABOR_COST, VAT_RATE_LABOR, VAT_RATE_POSITIONS)
VALUES ('91959', '22.11.2023', 
        (SELECT CUSTID FROM CUSTOMERS ORDER BY RANDOM() LIMIT 1), 
        (SELECT UST_IDNR FROM SERVICE_PROVIDER ORDER BY RANDOM() LIMIT 1),
        444.83, 19, 19);

INSERT INTO INVOICES (INVOICE_NR, CREATION_DATE, FK_CUSTID, FK_UST_IDNR, LABOR_COST, VAT_RATE_LABOR, VAT_RATE_POSITIONS)
VALUES ('40181', '04.06.2024', 
        (SELECT CUSTID FROM CUSTOMERS ORDER BY RANDOM() LIMIT 1), 
        (SELECT UST_IDNR FROM SERVICE_PROVIDER ORDER BY RANDOM() LIMIT 1),
        251.12, 19, 19);

INSERT INTO INVOICES (INVOICE_NR, CREATION_DATE, FK_CUSTID, FK_UST_IDNR, LABOR_COST, VAT_RATE_LABOR, VAT_RATE_POSITIONS)
VALUES ('98601', '25.02.2025', 
        (SELECT CUSTID FROM CUSTOMERS ORDER BY RANDOM() LIMIT 1), 
        (SELECT UST_IDNR FROM SERVICE_PROVIDER ORDER BY RANDOM() LIMIT 1),
        360.41, 19, 19);

INSERT INTO INVOICES (INVOICE_NR, CREATION_DATE, FK_CUSTID, FK_UST_IDNR, LABOR_COST, VAT_RATE_LABOR, VAT_RATE_POSITIONS)
VALUES ('44772', '14.03.2024', 
        (SELECT CUSTID FROM CUSTOMERS ORDER BY RANDOM() LIMIT 1), 
        (SELECT UST_IDNR FROM SERVICE_PROVIDER ORDER BY RANDOM() LIMIT 1),
        109.83, 19, 19);

INSERT INTO INVOICES (INVOICE_NR, CREATION_DATE, FK_CUSTID, FK_UST_IDNR, LABOR_COST, VAT_RATE_LABOR, VAT_RATE_POSITIONS)
VALUES ('48587', '04.01.2025', 
        (SELECT CUSTID FROM CUSTOMERS ORDER BY RANDOM() LIMIT 1), 
        (SELECT UST_IDNR FROM SERVICE_PROVIDER ORDER BY RANDOM() LIMIT 1),
        162.8, 19, 19);

INSERT INTO INVOICES (INVOICE_NR, CREATION_DATE, FK_CUSTID, FK_UST_IDNR, LABOR_COST, VAT_RATE_LABOR, VAT_RATE_POSITIONS)
VALUES ('91218', '09.06.2024', 
        (SELECT CUSTID FROM CUSTOMERS ORDER BY RANDOM() LIMIT 1), 
        (SELECT UST_IDNR FROM SERVICE_PROVIDER ORDER BY RANDOM() LIMIT 1),
        25.61, 19, 19);

INSERT INTO INVOICES (INVOICE_NR, CREATION_DATE, FK_CUSTID, FK_UST_IDNR, LABOR_COST, VAT_RATE_LABOR, VAT_RATE_POSITIONS)
VALUES ('45750', '21.09.2023', 
        (SELECT CUSTID FROM CUSTOMERS ORDER BY RANDOM() LIMIT 1), 
        (SELECT UST_IDNR FROM SERVICE_PROVIDER ORDER BY RANDOM() LIMIT 1),
        174.35, 19, 19);

INSERT INTO INVOICES (INVOICE_NR, CREATION_DATE, FK_CUSTID, FK_UST_IDNR, LABOR_COST, VAT_RATE_LABOR, VAT_RATE_POSITIONS)
VALUES ('98994', '01.07.2024', 
        (SELECT CUSTID FROM CUSTOMERS ORDER BY RANDOM() LIMIT 1), 
        (SELECT UST_IDNR FROM SERVICE_PROVIDER ORDER BY RANDOM() LIMIT 1),
        80.36, 19, 19);

INSERT INTO REF_INVOICES_POSITIONS (FK_POSITIONS_POS_ID, FK_INVOICES_INVOICE_NR)
VALUES (1, '62927');

INSERT INTO REF_INVOICES_POSITIONS (FK_POSITIONS_POS_ID, FK_INVOICES_INVOICE_NR)
VALUES (2, '55769');

INSERT INTO REF_INVOICES_POSITIONS (FK_POSITIONS_POS_ID, FK_INVOICES_INVOICE_NR)
VALUES (3, '88542');

INSERT INTO REF_INVOICES_POSITIONS (FK_POSITIONS_POS_ID, FK_INVOICES_INVOICE_NR)
VALUES (4, '62927');

INSERT INTO REF_INVOICES_POSITIONS (FK_POSITIONS_POS_ID, FK_INVOICES_INVOICE_NR)
VALUES (5, '56385');

INSERT INTO REF_INVOICES_POSITIONS (FK_POSITIONS_POS_ID, FK_INVOICES_INVOICE_NR)
VALUES (6, '53853');

INSERT INTO REF_INVOICES_POSITIONS (FK_POSITIONS_POS_ID, FK_INVOICES_INVOICE_NR)
VALUES (7, '56385');

INSERT INTO REF_INVOICES_POSITIONS (FK_POSITIONS_POS_ID, FK_INVOICES_INVOICE_NR)
VALUES (8, '45750');

INSERT INTO REF_INVOICES_POSITIONS (FK_POSITIONS_POS_ID, FK_INVOICES_INVOICE_NR)
VALUES (9, '61531');

INSERT INTO REF_INVOICES_POSITIONS (FK_POSITIONS_POS_ID, FK_INVOICES_INVOICE_NR)
VALUES (10, '99627');

INSERT INTO REF_INVOICES_POSITIONS (FK_POSITIONS_POS_ID, FK_INVOICES_INVOICE_NR)
VALUES (11, '59154');

INSERT INTO REF_INVOICES_POSITIONS (FK_POSITIONS_POS_ID, FK_INVOICES_INVOICE_NR)
VALUES (12, '50667');

INSERT INTO REF_INVOICES_POSITIONS (FK_POSITIONS_POS_ID, FK_INVOICES_INVOICE_NR)
VALUES (13, '62927');

INSERT INTO REF_INVOICES_POSITIONS (FK_POSITIONS_POS_ID, FK_INVOICES_INVOICE_NR)
VALUES (14, '71262');

INSERT INTO REF_INVOICES_POSITIONS (FK_POSITIONS_POS_ID, FK_INVOICES_INVOICE_NR)
VALUES (15, '99627');

INSERT INTO REF_INVOICES_POSITIONS (FK_POSITIONS_POS_ID, FK_INVOICES_INVOICE_NR)
VALUES (16, '44046');

INSERT INTO REF_INVOICES_POSITIONS (FK_POSITIONS_POS_ID, FK_INVOICES_INVOICE_NR)
VALUES (17, '98601');

INSERT INTO REF_INVOICES_POSITIONS (FK_POSITIONS_POS_ID, FK_INVOICES_INVOICE_NR)
VALUES (18, '41768');

INSERT INTO REF_INVOICES_POSITIONS (FK_POSITIONS_POS_ID, FK_INVOICES_INVOICE_NR)
VALUES (19, '41768');

INSERT INTO REF_INVOICES_POSITIONS (FK_POSITIONS_POS_ID, FK_INVOICES_INVOICE_NR)
VALUES (20, '44411');

INSERT INTO REF_INVOICES_POSITIONS (FK_POSITIONS_POS_ID, FK_INVOICES_INVOICE_NR)
VALUES (21, '88542');

INSERT INTO REF_INVOICES_POSITIONS (FK_POSITIONS_POS_ID, FK_INVOICES_INVOICE_NR)
VALUES (22, '43258');

INSERT INTO REF_INVOICES_POSITIONS (FK_POSITIONS_POS_ID, FK_INVOICES_INVOICE_NR)
VALUES (23, '49164');

INSERT INTO REF_INVOICES_POSITIONS (FK_POSITIONS_POS_ID, FK_INVOICES_INVOICE_NR)
VALUES (24, '98601');

INSERT INTO REF_INVOICES_POSITIONS (FK_POSITIONS_POS_ID, FK_INVOICES_INVOICE_NR)
VALUES (25, '53853');

INSERT INTO REF_INVOICES_POSITIONS (FK_POSITIONS_POS_ID, FK_INVOICES_INVOICE_NR)
VALUES (26, '59154');

INSERT INTO REF_INVOICES_POSITIONS (FK_POSITIONS_POS_ID, FK_INVOICES_INVOICE_NR)
VALUES (27, '98601');

INSERT INTO REF_INVOICES_POSITIONS (FK_POSITIONS_POS_ID, FK_INVOICES_INVOICE_NR)
VALUES (28, '83240');

INSERT INTO REF_INVOICES_POSITIONS (FK_POSITIONS_POS_ID, FK_INVOICES_INVOICE_NR)
VALUES (29, '60607');

INSERT INTO REF_INVOICES_POSITIONS (FK_POSITIONS_POS_ID, FK_INVOICES_INVOICE_NR)
VALUES (30, '55769');

INSERT INTO REF_INVOICES_POSITIONS (FK_POSITIONS_POS_ID, FK_INVOICES_INVOICE_NR)
VALUES (31, '96941');

INSERT INTO REF_INVOICES_POSITIONS (FK_POSITIONS_POS_ID, FK_INVOICES_INVOICE_NR)
VALUES (32, '44772');

INSERT INTO REF_INVOICES_POSITIONS (FK_POSITIONS_POS_ID, FK_INVOICES_INVOICE_NR)
VALUES (33, '56385');

INSERT INTO REF_INVOICES_POSITIONS (FK_POSITIONS_POS_ID, FK_INVOICES_INVOICE_NR)
VALUES (34, '88891');

INSERT INTO REF_INVOICES_POSITIONS (FK_POSITIONS_POS_ID, FK_INVOICES_INVOICE_NR)
VALUES (35, '40181');

INSERT INTO REF_INVOICES_POSITIONS (FK_POSITIONS_POS_ID, FK_INVOICES_INVOICE_NR)
VALUES (36, '81878');

INSERT INTO REF_INVOICES_POSITIONS (FK_POSITIONS_POS_ID, FK_INVOICES_INVOICE_NR)
VALUES (37, '59154');

INSERT INTO REF_INVOICES_POSITIONS (FK_POSITIONS_POS_ID, FK_INVOICES_INVOICE_NR)
VALUES (38, '50200');

INSERT INTO REF_INVOICES_POSITIONS (FK_POSITIONS_POS_ID, FK_INVOICES_INVOICE_NR)
VALUES (39, '43258');

INSERT INTO REF_INVOICES_POSITIONS (FK_POSITIONS_POS_ID, FK_INVOICES_INVOICE_NR)
VALUES (40, '81172');

INSERT INTO REF_LABOR_COST (FK_ST_NR, FK_UST_IDNR)
VALUES ('69136/17388', 'DE787176488');

INSERT INTO REF_LABOR_COST (FK_ST_NR, FK_UST_IDNR)
VALUES ('01935/76921', 'DE488878714');

INSERT INTO REF_LABOR_COST (FK_ST_NR, FK_UST_IDNR)
VALUES ('43579/27028', 'DE898767328');

INSERT INTO REF_LABOR_COST (FK_ST_NR, FK_UST_IDNR)
VALUES ('27919/60425', 'DE400260063');

INSERT INTO REF_LABOR_COST (FK_ST_NR, FK_UST_IDNR)
VALUES ('01301/88100', 'DE327438310');

INSERT INTO REF_LABOR_COST (FK_ST_NR, FK_UST_IDNR)
VALUES ('95010/65712', 'DE339918912');

INSERT INTO REF_LABOR_COST (FK_ST_NR, FK_UST_IDNR)
VALUES ('58380/51467', 'DE148155254');

INSERT INTO REF_LABOR_COST (FK_ST_NR, FK_UST_IDNR)
VALUES ('81981/96103', 'DE690666437');

INSERT INTO REF_LABOR_COST (FK_ST_NR, FK_UST_IDNR)
VALUES ('90640/83774', 'DE644251818');

INSERT INTO REF_LABOR_COST (FK_ST_NR, FK_UST_IDNR)
VALUES ('31648/89796', 'DE842481549');

INSERT INTO REF_LABOR_COST (FK_ST_NR, FK_UST_IDNR)
VALUES ('15646/01736', 'DE228395609');

INSERT INTO REF_LABOR_COST (FK_ST_NR, FK_UST_IDNR)
VALUES ('14436/25549', 'DE836250326');

INSERT INTO REF_LABOR_COST (FK_ST_NR, FK_UST_IDNR)
VALUES ('76413/03730', 'DE732256334');

INSERT INTO REF_LABOR_COST (FK_ST_NR, FK_UST_IDNR)
VALUES ('45014/79374', 'DE517947501');

INSERT INTO REF_LABOR_COST (FK_ST_NR, FK_UST_IDNR)
VALUES ('71964/31567', 'DE156962319');

INSERT INTO REF_LABOR_COST (FK_ST_NR, FK_UST_IDNR)
VALUES ('66282/65909', 'DE739343346');

INSERT INTO REF_LABOR_COST (FK_ST_NR, FK_UST_IDNR)
VALUES ('25237/96665', 'DE485693346');

INSERT INTO REF_LABOR_COST (FK_ST_NR, FK_UST_IDNR)
VALUES ('65241/72592', 'DE569299118');

INSERT INTO REF_LABOR_COST (FK_ST_NR, FK_UST_IDNR)
VALUES ('32434/36613', 'DE213763685');

INSERT INTO REF_LABOR_COST (FK_ST_NR, FK_UST_IDNR)
VALUES ('78914/39542', 'DE301670762');

INSERT INTO REF_LABOR_COST (FK_ST_NR, FK_UST_IDNR)
VALUES ('37080/62997', 'DE961107626');

INSERT INTO REF_LABOR_COST (FK_ST_NR, FK_UST_IDNR)
VALUES ('69762/15703', 'DE394816380');

INSERT INTO REF_LABOR_COST (FK_ST_NR, FK_UST_IDNR)
VALUES ('33768/43746', 'DE134431072');

INSERT INTO REF_LABOR_COST (FK_ST_NR, FK_UST_IDNR)
VALUES ('58411/72391', 'DE610604118');

INSERT INTO REF_LABOR_COST (FK_ST_NR, FK_UST_IDNR)
VALUES ('88699/88486', 'DE719996564');

INSERT INTO REF_LABOR_COST (FK_ST_NR, FK_UST_IDNR)
VALUES ('12811/79813', 'DE468210826');

INSERT INTO REF_LABOR_COST (FK_ST_NR, FK_UST_IDNR)
VALUES ('42494/92511', 'DE288770832');

INSERT INTO REF_LABOR_COST (FK_ST_NR, FK_UST_IDNR)
VALUES ('49558/31950', 'DE644770889');

INSERT INTO REF_LABOR_COST (FK_ST_NR, FK_UST_IDNR)
VALUES ('36418/87417', 'DE767979541');

INSERT INTO REF_LABOR_COST (FK_ST_NR, FK_UST_IDNR)
VALUES ('72303/35807', 'DE433408104');

INSERT INTO REF_LABOR_COST (FK_ST_NR, FK_UST_IDNR)
VALUES ('44547/93163', 'DE865462861');

INSERT INTO REF_LABOR_COST (FK_ST_NR, FK_UST_IDNR)
VALUES ('82399/50568', 'DE684065506');

INSERT INTO REF_LABOR_COST (FK_ST_NR, FK_UST_IDNR)
VALUES ('71821/95084', 'DE187724298');

INSERT INTO REF_LABOR_COST (FK_ST_NR, FK_UST_IDNR)
VALUES ('58631/68816', 'DE245286867');

INSERT INTO REF_LABOR_COST (FK_ST_NR, FK_UST_IDNR)
VALUES ('02971/47097', 'DE329879329');

INSERT INTO REF_LABOR_COST (FK_ST_NR, FK_UST_IDNR)
VALUES ('38146/42433', 'DE354227687');

INSERT INTO REF_LABOR_COST (FK_ST_NR, FK_UST_IDNR)
VALUES ('58118/24768', 'DE178547539');

INSERT INTO REF_LABOR_COST (FK_ST_NR, FK_UST_IDNR)
VALUES ('07759/17103', 'DE347555817');

INSERT INTO REF_LABOR_COST (FK_ST_NR, FK_UST_IDNR)
VALUES ('09335/19191', 'DE799115524');

INSERT INTO REF_LABOR_COST (FK_ST_NR, FK_UST_IDNR)
VALUES ('10740/25028', 'DE103229208');
